"","wavenumber","spectra"
"5a5afc08b09efd35deccad142c167ebc1",102,NA
"5a5afc08b09efd35deccad142c167ebc2",108,NA
"5a5afc08b09efd35deccad142c167ebc3",114,NA
"5a5afc08b09efd35deccad142c167ebc4",120,NA
"5a5afc08b09efd35deccad142c167ebc5",126,NA
"5a5afc08b09efd35deccad142c167ebc6",132,NA
"5a5afc08b09efd35deccad142c167ebc7",138,NA
"5a5afc08b09efd35deccad142c167ebc8",144,NA
"5a5afc08b09efd35deccad142c167ebc9",150,NA
"5a5afc08b09efd35deccad142c167ebc10",156,NA
"5a5afc08b09efd35deccad142c167ebc11",162,NA
"5a5afc08b09efd35deccad142c167ebc12",168,NA
"5a5afc08b09efd35deccad142c167ebc13",174,NA
"5a5afc08b09efd35deccad142c167ebc14",180,NA
"5a5afc08b09efd35deccad142c167ebc15",186,NA
"5a5afc08b09efd35deccad142c167ebc16",192,NA
"5a5afc08b09efd35deccad142c167ebc17",198,NA
"5a5afc08b09efd35deccad142c167ebc18",204,NA
"5a5afc08b09efd35deccad142c167ebc19",210,NA
"5a5afc08b09efd35deccad142c167ebc20",216,NA
"5a5afc08b09efd35deccad142c167ebc21",222,NA
"5a5afc08b09efd35deccad142c167ebc22",228,NA
"5a5afc08b09efd35deccad142c167ebc23",234,NA
"5a5afc08b09efd35deccad142c167ebc24",240,NA
"5a5afc08b09efd35deccad142c167ebc25",246,NA
"5a5afc08b09efd35deccad142c167ebc26",252,NA
"5a5afc08b09efd35deccad142c167ebc27",258,NA
"5a5afc08b09efd35deccad142c167ebc28",264,NA
"5a5afc08b09efd35deccad142c167ebc29",270,NA
"5a5afc08b09efd35deccad142c167ebc30",276,NA
"5a5afc08b09efd35deccad142c167ebc31",282,NA
"5a5afc08b09efd35deccad142c167ebc32",288,NA
"5a5afc08b09efd35deccad142c167ebc33",294,NA
"5a5afc08b09efd35deccad142c167ebc34",300,NA
"5a5afc08b09efd35deccad142c167ebc35",306,NA
"5a5afc08b09efd35deccad142c167ebc36",312,NA
"5a5afc08b09efd35deccad142c167ebc37",318,NA
"5a5afc08b09efd35deccad142c167ebc38",324,NA
"5a5afc08b09efd35deccad142c167ebc39",330,NA
"5a5afc08b09efd35deccad142c167ebc40",336,NA
"5a5afc08b09efd35deccad142c167ebc41",342,NA
"5a5afc08b09efd35deccad142c167ebc42",348,NA
"5a5afc08b09efd35deccad142c167ebc43",354,NA
"5a5afc08b09efd35deccad142c167ebc44",360,NA
"5a5afc08b09efd35deccad142c167ebc45",366,NA
"5a5afc08b09efd35deccad142c167ebc46",372,NA
"5a5afc08b09efd35deccad142c167ebc47",378,NA
"5a5afc08b09efd35deccad142c167ebc48",384,NA
"5a5afc08b09efd35deccad142c167ebc49",390,NA
"5a5afc08b09efd35deccad142c167ebc50",396,NA
"5a5afc08b09efd35deccad142c167ebc51",402,0
"5a5afc08b09efd35deccad142c167ebc52",408,0
"5a5afc08b09efd35deccad142c167ebc53",414,0
"5a5afc08b09efd35deccad142c167ebc54",420,0
"5a5afc08b09efd35deccad142c167ebc55",426,0
"5a5afc08b09efd35deccad142c167ebc56",432,0
"5a5afc08b09efd35deccad142c167ebc57",438,0
"5a5afc08b09efd35deccad142c167ebc58",444,0
"5a5afc08b09efd35deccad142c167ebc59",450,0
"5a5afc08b09efd35deccad142c167ebc60",456,0
"5a5afc08b09efd35deccad142c167ebc61",462,0
"5a5afc08b09efd35deccad142c167ebc62",468,0
"5a5afc08b09efd35deccad142c167ebc63",474,0
"5a5afc08b09efd35deccad142c167ebc64",480,0.007
"5a5afc08b09efd35deccad142c167ebc65",486,0.019
"5a5afc08b09efd35deccad142c167ebc66",492,0.017
"5a5afc08b09efd35deccad142c167ebc67",498,0.01
"5a5afc08b09efd35deccad142c167ebc68",504,0.004
"5a5afc08b09efd35deccad142c167ebc69",510,0.006
"5a5afc08b09efd35deccad142c167ebc70",516,0.01
"5a5afc08b09efd35deccad142c167ebc71",522,0.015
"5a5afc08b09efd35deccad142c167ebc72",528,0.016
"5a5afc08b09efd35deccad142c167ebc73",534,0.033
"5a5afc08b09efd35deccad142c167ebc74",540,0.053
"5a5afc08b09efd35deccad142c167ebc75",546,0.062
"5a5afc08b09efd35deccad142c167ebc76",552,0.075
"5a5afc08b09efd35deccad142c167ebc77",558,0.088
"5a5afc08b09efd35deccad142c167ebc78",564,0.111
"5a5afc08b09efd35deccad142c167ebc79",570,0.147
"5a5afc08b09efd35deccad142c167ebc80",576,0.188
"5a5afc08b09efd35deccad142c167ebc81",582,0.252
"5a5afc08b09efd35deccad142c167ebc82",588,0.341
"5a5afc08b09efd35deccad142c167ebc83",594,0.47
"5a5afc08b09efd35deccad142c167ebc84",600,0.71
"5a5afc08b09efd35deccad142c167ebc85",606,0.958
"5a5afc08b09efd35deccad142c167ebc86",612,1
"5a5afc08b09efd35deccad142c167ebc87",618,0.906
"5a5afc08b09efd35deccad142c167ebc88",624,0.79
"5a5afc08b09efd35deccad142c167ebc89",630,0.726
"5a5afc08b09efd35deccad142c167ebc90",636,0.697
"5a5afc08b09efd35deccad142c167ebc91",642,0.608
"5a5afc08b09efd35deccad142c167ebc92",648,0.491
"5a5afc08b09efd35deccad142c167ebc93",654,0.359
"5a5afc08b09efd35deccad142c167ebc94",660,0.256
"5a5afc08b09efd35deccad142c167ebc95",666,0.241
"5a5afc08b09efd35deccad142c167ebc96",672,0.296
"5a5afc08b09efd35deccad142c167ebc97",678,0.346
"5a5afc08b09efd35deccad142c167ebc98",684,0.356
"5a5afc08b09efd35deccad142c167ebc99",690,0.342
"5a5afc08b09efd35deccad142c167ebc100",696,0.309
"5a5afc08b09efd35deccad142c167ebc101",702,0.241
"5a5afc08b09efd35deccad142c167ebc102",708,0.148
"5a5afc08b09efd35deccad142c167ebc103",714,0.063
"5a5afc08b09efd35deccad142c167ebc104",720,0.004
"5a5afc08b09efd35deccad142c167ebc105",726,0
"5a5afc08b09efd35deccad142c167ebc106",732,0
"5a5afc08b09efd35deccad142c167ebc107",738,0
"5a5afc08b09efd35deccad142c167ebc108",744,0
"5a5afc08b09efd35deccad142c167ebc109",750,0
"5a5afc08b09efd35deccad142c167ebc110",756,0
"5a5afc08b09efd35deccad142c167ebc111",762,0
"5a5afc08b09efd35deccad142c167ebc112",768,0
"5a5afc08b09efd35deccad142c167ebc113",774,0
"5a5afc08b09efd35deccad142c167ebc114",780,0
"5a5afc08b09efd35deccad142c167ebc115",786,0
"5a5afc08b09efd35deccad142c167ebc116",792,0
"5a5afc08b09efd35deccad142c167ebc117",798,0
"5a5afc08b09efd35deccad142c167ebc118",804,0
"5a5afc08b09efd35deccad142c167ebc119",810,0
"5a5afc08b09efd35deccad142c167ebc120",816,0
"5a5afc08b09efd35deccad142c167ebc121",822,0
"5a5afc08b09efd35deccad142c167ebc122",828,0.004
"5a5afc08b09efd35deccad142c167ebc123",834,0.032
"5a5afc08b09efd35deccad142c167ebc124",840,0.027
"5a5afc08b09efd35deccad142c167ebc125",846,0.02
"5a5afc08b09efd35deccad142c167ebc126",852,0.016
"5a5afc08b09efd35deccad142c167ebc127",858,0.015
"5a5afc08b09efd35deccad142c167ebc128",864,0.017
"5a5afc08b09efd35deccad142c167ebc129",870,0.021
"5a5afc08b09efd35deccad142c167ebc130",876,0.024
"5a5afc08b09efd35deccad142c167ebc131",882,0.025
"5a5afc08b09efd35deccad142c167ebc132",888,0.028
"5a5afc08b09efd35deccad142c167ebc133",894,0.035
"5a5afc08b09efd35deccad142c167ebc134",900,0.047
"5a5afc08b09efd35deccad142c167ebc135",906,0.068
"5a5afc08b09efd35deccad142c167ebc136",912,0.1
"5a5afc08b09efd35deccad142c167ebc137",918,0.135
"5a5afc08b09efd35deccad142c167ebc138",924,0.156
"5a5afc08b09efd35deccad142c167ebc139",930,0.168
"5a5afc08b09efd35deccad142c167ebc140",936,0.186
"5a5afc08b09efd35deccad142c167ebc141",942,0.217
"5a5afc08b09efd35deccad142c167ebc142",948,0.257
"5a5afc08b09efd35deccad142c167ebc143",954,0.304
"5a5afc08b09efd35deccad142c167ebc144",960,0.335
"5a5afc08b09efd35deccad142c167ebc145",966,0.328
"5a5afc08b09efd35deccad142c167ebc146",972,0.276
"5a5afc08b09efd35deccad142c167ebc147",978,0.195
"5a5afc08b09efd35deccad142c167ebc148",984,0.121
"5a5afc08b09efd35deccad142c167ebc149",990,0.072
"5a5afc08b09efd35deccad142c167ebc150",996,0.044
"5a5afc08b09efd35deccad142c167ebc151",1002,0.027
"5a5afc08b09efd35deccad142c167ebc152",1008,0.017
"5a5afc08b09efd35deccad142c167ebc153",1014,0.013
"5a5afc08b09efd35deccad142c167ebc154",1020,0.01
"5a5afc08b09efd35deccad142c167ebc155",1026,0.008
"5a5afc08b09efd35deccad142c167ebc156",1032,0.007
"5a5afc08b09efd35deccad142c167ebc157",1038,0.006
"5a5afc08b09efd35deccad142c167ebc158",1044,0.009
"5a5afc08b09efd35deccad142c167ebc159",1050,0.014
"5a5afc08b09efd35deccad142c167ebc160",1056,0.025
"5a5afc08b09efd35deccad142c167ebc161",1062,0.036
"5a5afc08b09efd35deccad142c167ebc162",1068,0.05
"5a5afc08b09efd35deccad142c167ebc163",1074,0.065
"5a5afc08b09efd35deccad142c167ebc164",1080,0.083
"5a5afc08b09efd35deccad142c167ebc165",1086,0.107
"5a5afc08b09efd35deccad142c167ebc166",1092,0.128
"5a5afc08b09efd35deccad142c167ebc167",1098,0.122
"5a5afc08b09efd35deccad142c167ebc168",1104,0.09
"5a5afc08b09efd35deccad142c167ebc169",1110,0.034
"5a5afc08b09efd35deccad142c167ebc170",1116,0
"5a5afc08b09efd35deccad142c167ebc171",1122,0
"5a5afc08b09efd35deccad142c167ebc172",1128,0
"5a5afc08b09efd35deccad142c167ebc173",1134,0
"5a5afc08b09efd35deccad142c167ebc174",1140,0
"5a5afc08b09efd35deccad142c167ebc175",1146,0
"5a5afc08b09efd35deccad142c167ebc176",1152,0
"5a5afc08b09efd35deccad142c167ebc177",1158,0
"5a5afc08b09efd35deccad142c167ebc178",1164,0
"5a5afc08b09efd35deccad142c167ebc179",1170,0
"5a5afc08b09efd35deccad142c167ebc180",1176,0
"5a5afc08b09efd35deccad142c167ebc181",1182,0.019
"5a5afc08b09efd35deccad142c167ebc182",1188,0.066
"5a5afc08b09efd35deccad142c167ebc183",1194,0.111
"5a5afc08b09efd35deccad142c167ebc184",1200,0.13
"5a5afc08b09efd35deccad142c167ebc185",1206,0.124
"5a5afc08b09efd35deccad142c167ebc186",1212,0.116
"5a5afc08b09efd35deccad142c167ebc187",1218,0.129
"5a5afc08b09efd35deccad142c167ebc188",1224,0.227
"5a5afc08b09efd35deccad142c167ebc189",1230,0.376
"5a5afc08b09efd35deccad142c167ebc190",1236,0.466
"5a5afc08b09efd35deccad142c167ebc191",1242,0.512
"5a5afc08b09efd35deccad142c167ebc192",1248,0.518
"5a5afc08b09efd35deccad142c167ebc193",1254,0.504
"5a5afc08b09efd35deccad142c167ebc194",1260,0.414
"5a5afc08b09efd35deccad142c167ebc195",1266,0.28
"5a5afc08b09efd35deccad142c167ebc196",1272,0.157
"5a5afc08b09efd35deccad142c167ebc197",1278,0.083
"5a5afc08b09efd35deccad142c167ebc198",1284,0.047
"5a5afc08b09efd35deccad142c167ebc199",1290,0.043
"5a5afc08b09efd35deccad142c167ebc200",1296,0.067
"5a5afc08b09efd35deccad142c167ebc201",1302,0.096
"5a5afc08b09efd35deccad142c167ebc202",1308,0.127
"5a5afc08b09efd35deccad142c167ebc203",1314,0.166
"5a5afc08b09efd35deccad142c167ebc204",1320,0.223
"5a5afc08b09efd35deccad142c167ebc205",1326,0.264
"5a5afc08b09efd35deccad142c167ebc206",1332,0.256
"5a5afc08b09efd35deccad142c167ebc207",1338,0.18
"5a5afc08b09efd35deccad142c167ebc208",1344,0.082
"5a5afc08b09efd35deccad142c167ebc209",1350,0.059
"5a5afc08b09efd35deccad142c167ebc210",1356,0.057
"5a5afc08b09efd35deccad142c167ebc211",1362,0.036
"5a5afc08b09efd35deccad142c167ebc212",1368,0.015
"5a5afc08b09efd35deccad142c167ebc213",1374,0.009
"5a5afc08b09efd35deccad142c167ebc214",1380,0.006
"5a5afc08b09efd35deccad142c167ebc215",1386,0
"5a5afc08b09efd35deccad142c167ebc216",1392,0
"5a5afc08b09efd35deccad142c167ebc217",1398,0
"5a5afc08b09efd35deccad142c167ebc218",1404,0
"5a5afc08b09efd35deccad142c167ebc219",1410,0.059
"5a5afc08b09efd35deccad142c167ebc220",1416,0.187
"5a5afc08b09efd35deccad142c167ebc221",1422,0.346
"5a5afc08b09efd35deccad142c167ebc222",1428,0.413
"5a5afc08b09efd35deccad142c167ebc223",1434,0.34
"5a5afc08b09efd35deccad142c167ebc224",1440,0.173
"5a5afc08b09efd35deccad142c167ebc225",1446,0.024
"5a5afc08b09efd35deccad142c167ebc226",1452,0
"5a5afc08b09efd35deccad142c167ebc227",1458,0
"5a5afc08b09efd35deccad142c167ebc228",1464,0
"5a5afc08b09efd35deccad142c167ebc229",1470,0
"5a5afc08b09efd35deccad142c167ebc230",1476,0
"5a5afc08b09efd35deccad142c167ebc231",1482,0
"5a5afc08b09efd35deccad142c167ebc232",1488,0
"5a5afc08b09efd35deccad142c167ebc233",1494,0
"5a5afc08b09efd35deccad142c167ebc234",1500,0
"5a5afc08b09efd35deccad142c167ebc235",1506,0
"5a5afc08b09efd35deccad142c167ebc236",1512,0
"5a5afc08b09efd35deccad142c167ebc237",1518,0
"5a5afc08b09efd35deccad142c167ebc238",1524,0
"5a5afc08b09efd35deccad142c167ebc239",1530,0
"5a5afc08b09efd35deccad142c167ebc240",1536,0
"5a5afc08b09efd35deccad142c167ebc241",1542,0
"5a5afc08b09efd35deccad142c167ebc242",1548,0
"5a5afc08b09efd35deccad142c167ebc243",1554,0
"5a5afc08b09efd35deccad142c167ebc244",1560,0
"5a5afc08b09efd35deccad142c167ebc245",1566,0
"5a5afc08b09efd35deccad142c167ebc246",1572,0
"5a5afc08b09efd35deccad142c167ebc247",1578,0
"5a5afc08b09efd35deccad142c167ebc248",1584,0
"5a5afc08b09efd35deccad142c167ebc249",1590,0
"5a5afc08b09efd35deccad142c167ebc250",1596,0
"5a5afc08b09efd35deccad142c167ebc251",1602,0
"5a5afc08b09efd35deccad142c167ebc252",1608,0
"5a5afc08b09efd35deccad142c167ebc253",1614,0
"5a5afc08b09efd35deccad142c167ebc254",1620,0
"5a5afc08b09efd35deccad142c167ebc255",1626,0
"5a5afc08b09efd35deccad142c167ebc256",1632,0
"5a5afc08b09efd35deccad142c167ebc257",1638,0
"5a5afc08b09efd35deccad142c167ebc258",1644,0
"5a5afc08b09efd35deccad142c167ebc259",1650,0
"5a5afc08b09efd35deccad142c167ebc260",1656,0
"5a5afc08b09efd35deccad142c167ebc261",1662,0
"5a5afc08b09efd35deccad142c167ebc262",1668,0
"5a5afc08b09efd35deccad142c167ebc263",1674,0
"5a5afc08b09efd35deccad142c167ebc264",1680,0
"5a5afc08b09efd35deccad142c167ebc265",1686,0
"5a5afc08b09efd35deccad142c167ebc266",1692,0
"5a5afc08b09efd35deccad142c167ebc267",1698,0
"5a5afc08b09efd35deccad142c167ebc268",1704,0
"5a5afc08b09efd35deccad142c167ebc269",1710,0
"5a5afc08b09efd35deccad142c167ebc270",1716,0
"5a5afc08b09efd35deccad142c167ebc271",1722,0
"5a5afc08b09efd35deccad142c167ebc272",1728,0
"5a5afc08b09efd35deccad142c167ebc273",1734,0
"5a5afc08b09efd35deccad142c167ebc274",1740,0
"5a5afc08b09efd35deccad142c167ebc275",1746,0
"5a5afc08b09efd35deccad142c167ebc276",1752,0
"5a5afc08b09efd35deccad142c167ebc277",1758,0
"5a5afc08b09efd35deccad142c167ebc278",1764,0
"5a5afc08b09efd35deccad142c167ebc279",1770,0
"5a5afc08b09efd35deccad142c167ebc280",1776,0
"5a5afc08b09efd35deccad142c167ebc281",1782,0
"5a5afc08b09efd35deccad142c167ebc282",1788,0
"5a5afc08b09efd35deccad142c167ebc283",1794,0
"5a5afc08b09efd35deccad142c167ebc284",1800,0
"5a5afc08b09efd35deccad142c167ebc285",1806,0
"5a5afc08b09efd35deccad142c167ebc286",1812,0
"5a5afc08b09efd35deccad142c167ebc287",1818,0
"5a5afc08b09efd35deccad142c167ebc288",1824,0
"5a5afc08b09efd35deccad142c167ebc289",1830,0
"5a5afc08b09efd35deccad142c167ebc290",1836,0
"5a5afc08b09efd35deccad142c167ebc291",1842,0
"5a5afc08b09efd35deccad142c167ebc292",1848,0
"5a5afc08b09efd35deccad142c167ebc293",1854,0
"5a5afc08b09efd35deccad142c167ebc294",1860,0
"5a5afc08b09efd35deccad142c167ebc295",1866,0
"5a5afc08b09efd35deccad142c167ebc296",1872,0
"5a5afc08b09efd35deccad142c167ebc297",1878,0
"5a5afc08b09efd35deccad142c167ebc298",1884,0
"5a5afc08b09efd35deccad142c167ebc299",1890,0
"5a5afc08b09efd35deccad142c167ebc300",1896,0
"5a5afc08b09efd35deccad142c167ebc301",1902,0
"5a5afc08b09efd35deccad142c167ebc302",1908,0
"5a5afc08b09efd35deccad142c167ebc303",1914,0
"5a5afc08b09efd35deccad142c167ebc304",1920,0
"5a5afc08b09efd35deccad142c167ebc305",1926,0
"5a5afc08b09efd35deccad142c167ebc306",1932,0
"5a5afc08b09efd35deccad142c167ebc307",1938,0
"5a5afc08b09efd35deccad142c167ebc308",1944,0
"5a5afc08b09efd35deccad142c167ebc309",1950,0
"5a5afc08b09efd35deccad142c167ebc310",1956,0
"5a5afc08b09efd35deccad142c167ebc311",1962,0
"5a5afc08b09efd35deccad142c167ebc312",1968,0
"5a5afc08b09efd35deccad142c167ebc313",1974,0
"5a5afc08b09efd35deccad142c167ebc314",1980,0
"5a5afc08b09efd35deccad142c167ebc315",1986,0
"5a5afc08b09efd35deccad142c167ebc316",1992,0
"5a5afc08b09efd35deccad142c167ebc317",1998,0
"5a5afc08b09efd35deccad142c167ebc318",2004,0
"5a5afc08b09efd35deccad142c167ebc319",2010,0
"5a5afc08b09efd35deccad142c167ebc320",2016,0
"5a5afc08b09efd35deccad142c167ebc321",2022,0
"5a5afc08b09efd35deccad142c167ebc322",2028,0
"5a5afc08b09efd35deccad142c167ebc323",2034,0
"5a5afc08b09efd35deccad142c167ebc324",2040,0.004
"5a5afc08b09efd35deccad142c167ebc325",2046,0.005
"5a5afc08b09efd35deccad142c167ebc326",2052,0.015
"5a5afc08b09efd35deccad142c167ebc327",2058,0.002
"5a5afc08b09efd35deccad142c167ebc328",2064,0.001
"5a5afc08b09efd35deccad142c167ebc329",2070,0.007
"5a5afc08b09efd35deccad142c167ebc330",2076,0.009
"5a5afc08b09efd35deccad142c167ebc331",2082,0.009
"5a5afc08b09efd35deccad142c167ebc332",2088,0.004
"5a5afc08b09efd35deccad142c167ebc333",2094,0
"5a5afc08b09efd35deccad142c167ebc334",2100,0.006
"5a5afc08b09efd35deccad142c167ebc335",2106,0.007
"5a5afc08b09efd35deccad142c167ebc336",2112,0.006
"5a5afc08b09efd35deccad142c167ebc337",2118,0.002
"5a5afc08b09efd35deccad142c167ebc338",2124,0
"5a5afc08b09efd35deccad142c167ebc339",2130,0
"5a5afc08b09efd35deccad142c167ebc340",2136,0
"5a5afc08b09efd35deccad142c167ebc341",2142,0
"5a5afc08b09efd35deccad142c167ebc342",2148,0
"5a5afc08b09efd35deccad142c167ebc343",2154,0
"5a5afc08b09efd35deccad142c167ebc344",2160,0
"5a5afc08b09efd35deccad142c167ebc345",2166,0.022
"5a5afc08b09efd35deccad142c167ebc346",2172,0.001
"5a5afc08b09efd35deccad142c167ebc347",2178,0
"5a5afc08b09efd35deccad142c167ebc348",2184,0.004
"5a5afc08b09efd35deccad142c167ebc349",2190,0.001
"5a5afc08b09efd35deccad142c167ebc350",2196,0
"5a5afc08b09efd35deccad142c167ebc351",2202,0
"5a5afc08b09efd35deccad142c167ebc352",2208,0
"5a5afc08b09efd35deccad142c167ebc353",2214,0
"5a5afc08b09efd35deccad142c167ebc354",2220,0
"5a5afc08b09efd35deccad142c167ebc355",2226,0
"5a5afc08b09efd35deccad142c167ebc356",2232,0
"5a5afc08b09efd35deccad142c167ebc357",2238,0
"5a5afc08b09efd35deccad142c167ebc358",2244,0
"5a5afc08b09efd35deccad142c167ebc359",2250,0
"5a5afc08b09efd35deccad142c167ebc360",2256,0
"5a5afc08b09efd35deccad142c167ebc361",2262,0
"5a5afc08b09efd35deccad142c167ebc362",2268,0
"5a5afc08b09efd35deccad142c167ebc363",2274,0
"5a5afc08b09efd35deccad142c167ebc364",2280,0
"5a5afc08b09efd35deccad142c167ebc365",2286,0.003
"5a5afc08b09efd35deccad142c167ebc366",2292,0
"5a5afc08b09efd35deccad142c167ebc367",2298,0
"5a5afc08b09efd35deccad142c167ebc368",2304,0
"5a5afc08b09efd35deccad142c167ebc369",2310,0
"5a5afc08b09efd35deccad142c167ebc370",2316,0
"5a5afc08b09efd35deccad142c167ebc371",2322,0.005
"5a5afc08b09efd35deccad142c167ebc372",2328,0
"5a5afc08b09efd35deccad142c167ebc373",2334,0
"5a5afc08b09efd35deccad142c167ebc374",2340,0
"5a5afc08b09efd35deccad142c167ebc375",2346,0
"5a5afc08b09efd35deccad142c167ebc376",2352,0
"5a5afc08b09efd35deccad142c167ebc377",2358,0
"5a5afc08b09efd35deccad142c167ebc378",2364,0
"5a5afc08b09efd35deccad142c167ebc379",2370,0
"5a5afc08b09efd35deccad142c167ebc380",2376,0
"5a5afc08b09efd35deccad142c167ebc381",2382,0
"5a5afc08b09efd35deccad142c167ebc382",2388,0
"5a5afc08b09efd35deccad142c167ebc383",2394,0
"5a5afc08b09efd35deccad142c167ebc384",2400,0
"5a5afc08b09efd35deccad142c167ebc385",2406,0
"5a5afc08b09efd35deccad142c167ebc386",2412,0
"5a5afc08b09efd35deccad142c167ebc387",2418,0
"5a5afc08b09efd35deccad142c167ebc388",2424,0
"5a5afc08b09efd35deccad142c167ebc389",2430,0
"5a5afc08b09efd35deccad142c167ebc390",2436,0
"5a5afc08b09efd35deccad142c167ebc391",2442,0
"5a5afc08b09efd35deccad142c167ebc392",2448,0
"5a5afc08b09efd35deccad142c167ebc393",2454,0
"5a5afc08b09efd35deccad142c167ebc394",2460,0
"5a5afc08b09efd35deccad142c167ebc395",2466,0
"5a5afc08b09efd35deccad142c167ebc396",2472,0
"5a5afc08b09efd35deccad142c167ebc397",2478,0
"5a5afc08b09efd35deccad142c167ebc398",2484,0
"5a5afc08b09efd35deccad142c167ebc399",2490,0
"5a5afc08b09efd35deccad142c167ebc400",2496,0
"5a5afc08b09efd35deccad142c167ebc401",2502,0
"5a5afc08b09efd35deccad142c167ebc402",2508,0
"5a5afc08b09efd35deccad142c167ebc403",2514,0
"5a5afc08b09efd35deccad142c167ebc404",2520,0
"5a5afc08b09efd35deccad142c167ebc405",2526,0
"5a5afc08b09efd35deccad142c167ebc406",2532,0
"5a5afc08b09efd35deccad142c167ebc407",2538,0
"5a5afc08b09efd35deccad142c167ebc408",2544,0
"5a5afc08b09efd35deccad142c167ebc409",2550,0
"5a5afc08b09efd35deccad142c167ebc410",2556,0
"5a5afc08b09efd35deccad142c167ebc411",2562,0
"5a5afc08b09efd35deccad142c167ebc412",2568,0
"5a5afc08b09efd35deccad142c167ebc413",2574,0
"5a5afc08b09efd35deccad142c167ebc414",2580,0
"5a5afc08b09efd35deccad142c167ebc415",2586,0
"5a5afc08b09efd35deccad142c167ebc416",2592,0
"5a5afc08b09efd35deccad142c167ebc417",2598,0
"5a5afc08b09efd35deccad142c167ebc418",2604,0
"5a5afc08b09efd35deccad142c167ebc419",2610,0
"5a5afc08b09efd35deccad142c167ebc420",2616,0
"5a5afc08b09efd35deccad142c167ebc421",2622,0
"5a5afc08b09efd35deccad142c167ebc422",2628,0
"5a5afc08b09efd35deccad142c167ebc423",2634,0
"5a5afc08b09efd35deccad142c167ebc424",2640,0
"5a5afc08b09efd35deccad142c167ebc425",2646,0
"5a5afc08b09efd35deccad142c167ebc426",2652,0
"5a5afc08b09efd35deccad142c167ebc427",2658,0
"5a5afc08b09efd35deccad142c167ebc428",2664,0
"5a5afc08b09efd35deccad142c167ebc429",2670,0
"5a5afc08b09efd35deccad142c167ebc430",2676,0
"5a5afc08b09efd35deccad142c167ebc431",2682,0
"5a5afc08b09efd35deccad142c167ebc432",2688,0
"5a5afc08b09efd35deccad142c167ebc433",2694,0
"5a5afc08b09efd35deccad142c167ebc434",2700,0
"5a5afc08b09efd35deccad142c167ebc435",2706,0
"5a5afc08b09efd35deccad142c167ebc436",2712,0
"5a5afc08b09efd35deccad142c167ebc437",2718,0
"5a5afc08b09efd35deccad142c167ebc438",2724,0
"5a5afc08b09efd35deccad142c167ebc439",2730,0
"5a5afc08b09efd35deccad142c167ebc440",2736,0
"5a5afc08b09efd35deccad142c167ebc441",2742,0
"5a5afc08b09efd35deccad142c167ebc442",2748,0
"5a5afc08b09efd35deccad142c167ebc443",2754,0
"5a5afc08b09efd35deccad142c167ebc444",2760,0
"5a5afc08b09efd35deccad142c167ebc445",2766,0
"5a5afc08b09efd35deccad142c167ebc446",2772,0
"5a5afc08b09efd35deccad142c167ebc447",2778,0
"5a5afc08b09efd35deccad142c167ebc448",2784,0
"5a5afc08b09efd35deccad142c167ebc449",2790,0
"5a5afc08b09efd35deccad142c167ebc450",2796,0
"5a5afc08b09efd35deccad142c167ebc451",2802,0
"5a5afc08b09efd35deccad142c167ebc452",2808,0
"5a5afc08b09efd35deccad142c167ebc453",2814,0
"5a5afc08b09efd35deccad142c167ebc454",2820,0
"5a5afc08b09efd35deccad142c167ebc455",2826,0
"5a5afc08b09efd35deccad142c167ebc456",2832,0
"5a5afc08b09efd35deccad142c167ebc457",2838,0
"5a5afc08b09efd35deccad142c167ebc458",2844,0
"5a5afc08b09efd35deccad142c167ebc459",2850,0
"5a5afc08b09efd35deccad142c167ebc460",2856,0
"5a5afc08b09efd35deccad142c167ebc461",2862,0
"5a5afc08b09efd35deccad142c167ebc462",2868,0
"5a5afc08b09efd35deccad142c167ebc463",2874,0
"5a5afc08b09efd35deccad142c167ebc464",2880,0
"5a5afc08b09efd35deccad142c167ebc465",2886,0
"5a5afc08b09efd35deccad142c167ebc466",2892,0.02
"5a5afc08b09efd35deccad142c167ebc467",2898,0.065
"5a5afc08b09efd35deccad142c167ebc468",2904,0.119
"5a5afc08b09efd35deccad142c167ebc469",2910,0.145
"5a5afc08b09efd35deccad142c167ebc470",2916,0.127
"5a5afc08b09efd35deccad142c167ebc471",2922,0.099
"5a5afc08b09efd35deccad142c167ebc472",2928,0.08
"5a5afc08b09efd35deccad142c167ebc473",2934,0.07
"5a5afc08b09efd35deccad142c167ebc474",2940,0.06
"5a5afc08b09efd35deccad142c167ebc475",2946,0.05
"5a5afc08b09efd35deccad142c167ebc476",2952,0.046
"5a5afc08b09efd35deccad142c167ebc477",2958,0.051
"5a5afc08b09efd35deccad142c167ebc478",2964,0.062
"5a5afc08b09efd35deccad142c167ebc479",2970,0.065
"5a5afc08b09efd35deccad142c167ebc480",2976,0.052
"5a5afc08b09efd35deccad142c167ebc481",2982,0.026
"5a5afc08b09efd35deccad142c167ebc482",2988,0.001
"5a5afc08b09efd35deccad142c167ebc483",2994,0
"5a5afc08b09efd35deccad142c167ebc484",3000,0
"5a5afc08b09efd35deccad142c167ebc485",3006,0
"5a5afc08b09efd35deccad142c167ebc486",3012,0
"5a5afc08b09efd35deccad142c167ebc487",3018,0
"5a5afc08b09efd35deccad142c167ebc488",3024,0
"5a5afc08b09efd35deccad142c167ebc489",3030,0
"5a5afc08b09efd35deccad142c167ebc490",3036,0
"5a5afc08b09efd35deccad142c167ebc491",3042,0
"5a5afc08b09efd35deccad142c167ebc492",3048,0
"5a5afc08b09efd35deccad142c167ebc493",3054,0
"5a5afc08b09efd35deccad142c167ebc494",3060,0
"5a5afc08b09efd35deccad142c167ebc495",3066,0
"5a5afc08b09efd35deccad142c167ebc496",3072,0
"5a5afc08b09efd35deccad142c167ebc497",3078,0
"5a5afc08b09efd35deccad142c167ebc498",3084,0
"5a5afc08b09efd35deccad142c167ebc499",3090,0
"5a5afc08b09efd35deccad142c167ebc500",3096,0
"5a5afc08b09efd35deccad142c167ebc501",3102,0
"5a5afc08b09efd35deccad142c167ebc502",3108,0
"5a5afc08b09efd35deccad142c167ebc503",3114,0
"5a5afc08b09efd35deccad142c167ebc504",3120,0
"5a5afc08b09efd35deccad142c167ebc505",3126,0
"5a5afc08b09efd35deccad142c167ebc506",3132,0
"5a5afc08b09efd35deccad142c167ebc507",3138,0
"5a5afc08b09efd35deccad142c167ebc508",3144,0
"5a5afc08b09efd35deccad142c167ebc509",3150,0
"5a5afc08b09efd35deccad142c167ebc510",3156,0
"5a5afc08b09efd35deccad142c167ebc511",3162,0
"5a5afc08b09efd35deccad142c167ebc512",3168,0
"5a5afc08b09efd35deccad142c167ebc513",3174,0
"5a5afc08b09efd35deccad142c167ebc514",3180,0
"5a5afc08b09efd35deccad142c167ebc515",3186,0
"5a5afc08b09efd35deccad142c167ebc516",3192,0
"5a5afc08b09efd35deccad142c167ebc517",3198,0
"5a5afc08b09efd35deccad142c167ebc518",3204,0
"5a5afc08b09efd35deccad142c167ebc519",3210,0
"5a5afc08b09efd35deccad142c167ebc520",3216,0
"5a5afc08b09efd35deccad142c167ebc521",3222,0
"5a5afc08b09efd35deccad142c167ebc522",3228,0
"5a5afc08b09efd35deccad142c167ebc523",3234,0
"5a5afc08b09efd35deccad142c167ebc524",3240,0
"5a5afc08b09efd35deccad142c167ebc525",3246,0
"5a5afc08b09efd35deccad142c167ebc526",3252,0
"5a5afc08b09efd35deccad142c167ebc527",3258,0
"5a5afc08b09efd35deccad142c167ebc528",3264,0
"5a5afc08b09efd35deccad142c167ebc529",3270,0
"5a5afc08b09efd35deccad142c167ebc530",3276,0
"5a5afc08b09efd35deccad142c167ebc531",3282,0
"5a5afc08b09efd35deccad142c167ebc532",3288,0
"5a5afc08b09efd35deccad142c167ebc533",3294,0
"5a5afc08b09efd35deccad142c167ebc534",3300,0
"5a5afc08b09efd35deccad142c167ebc535",3306,0
"5a5afc08b09efd35deccad142c167ebc536",3312,0
"5a5afc08b09efd35deccad142c167ebc537",3318,0
"5a5afc08b09efd35deccad142c167ebc538",3324,0
"5a5afc08b09efd35deccad142c167ebc539",3330,0
"5a5afc08b09efd35deccad142c167ebc540",3336,0
"5a5afc08b09efd35deccad142c167ebc541",3342,0
"5a5afc08b09efd35deccad142c167ebc542",3348,0
"5a5afc08b09efd35deccad142c167ebc543",3354,0
"5a5afc08b09efd35deccad142c167ebc544",3360,0
"5a5afc08b09efd35deccad142c167ebc545",3366,0
"5a5afc08b09efd35deccad142c167ebc546",3372,0
"5a5afc08b09efd35deccad142c167ebc547",3378,0
"5a5afc08b09efd35deccad142c167ebc548",3384,0
"5a5afc08b09efd35deccad142c167ebc549",3390,0
"5a5afc08b09efd35deccad142c167ebc550",3396,0
"5a5afc08b09efd35deccad142c167ebc551",3402,0
"5a5afc08b09efd35deccad142c167ebc552",3408,0
"5a5afc08b09efd35deccad142c167ebc553",3414,0
"5a5afc08b09efd35deccad142c167ebc554",3420,0
"5a5afc08b09efd35deccad142c167ebc555",3426,0
"5a5afc08b09efd35deccad142c167ebc556",3432,0
"5a5afc08b09efd35deccad142c167ebc557",3438,0
"5a5afc08b09efd35deccad142c167ebc558",3444,0
"5a5afc08b09efd35deccad142c167ebc559",3450,0
"5a5afc08b09efd35deccad142c167ebc560",3456,0
"5a5afc08b09efd35deccad142c167ebc561",3462,0
"5a5afc08b09efd35deccad142c167ebc562",3468,0
"5a5afc08b09efd35deccad142c167ebc563",3474,0
"5a5afc08b09efd35deccad142c167ebc564",3480,0
"5a5afc08b09efd35deccad142c167ebc565",3486,0
"5a5afc08b09efd35deccad142c167ebc566",3492,0
"5a5afc08b09efd35deccad142c167ebc567",3498,0
"5a5afc08b09efd35deccad142c167ebc568",3504,0
"5a5afc08b09efd35deccad142c167ebc569",3510,0
"5a5afc08b09efd35deccad142c167ebc570",3516,0
"5a5afc08b09efd35deccad142c167ebc571",3522,0
"5a5afc08b09efd35deccad142c167ebc572",3528,0
"5a5afc08b09efd35deccad142c167ebc573",3534,0
"5a5afc08b09efd35deccad142c167ebc574",3540,0
"5a5afc08b09efd35deccad142c167ebc575",3546,0
"5a5afc08b09efd35deccad142c167ebc576",3552,0
"5a5afc08b09efd35deccad142c167ebc577",3558,0
"5a5afc08b09efd35deccad142c167ebc578",3564,0
"5a5afc08b09efd35deccad142c167ebc579",3570,0
"5a5afc08b09efd35deccad142c167ebc580",3576,0
"5a5afc08b09efd35deccad142c167ebc581",3582,0
"5a5afc08b09efd35deccad142c167ebc582",3588,0
"5a5afc08b09efd35deccad142c167ebc583",3594,0
"5a5afc08b09efd35deccad142c167ebc584",3600,0
"5a5afc08b09efd35deccad142c167ebc585",3606,0
"5a5afc08b09efd35deccad142c167ebc586",3612,0
"5a5afc08b09efd35deccad142c167ebc587",3618,0
"5a5afc08b09efd35deccad142c167ebc588",3624,0
"5a5afc08b09efd35deccad142c167ebc589",3630,0
"5a5afc08b09efd35deccad142c167ebc590",3636,0
"5a5afc08b09efd35deccad142c167ebc591",3642,0
"5a5afc08b09efd35deccad142c167ebc592",3648,0
"5a5afc08b09efd35deccad142c167ebc593",3654,0
"5a5afc08b09efd35deccad142c167ebc594",3660,0
"5a5afc08b09efd35deccad142c167ebc595",3666,0
"5a5afc08b09efd35deccad142c167ebc596",3672,0
"5a5afc08b09efd35deccad142c167ebc597",3678,0
"5a5afc08b09efd35deccad142c167ebc598",3684,0
"5a5afc08b09efd35deccad142c167ebc599",3690,0
"5a5afc08b09efd35deccad142c167ebc600",3696,0
"5a5afc08b09efd35deccad142c167ebc601",3702,0
"5a5afc08b09efd35deccad142c167ebc602",3708,0
"5a5afc08b09efd35deccad142c167ebc603",3714,0
"5a5afc08b09efd35deccad142c167ebc604",3720,0
"5a5afc08b09efd35deccad142c167ebc605",3726,0
"5a5afc08b09efd35deccad142c167ebc606",3732,0
"5a5afc08b09efd35deccad142c167ebc607",3738,0
"5a5afc08b09efd35deccad142c167ebc608",3744,0
"5a5afc08b09efd35deccad142c167ebc609",3750,0
"5a5afc08b09efd35deccad142c167ebc610",3756,0
"5a5afc08b09efd35deccad142c167ebc611",3762,0
"5a5afc08b09efd35deccad142c167ebc612",3768,0
"5a5afc08b09efd35deccad142c167ebc613",3774,0
"5a5afc08b09efd35deccad142c167ebc614",3780,0
"5a5afc08b09efd35deccad142c167ebc615",3786,0
"5a5afc08b09efd35deccad142c167ebc616",3792,0
"5a5afc08b09efd35deccad142c167ebc617",3798,0
"5a5afc08b09efd35deccad142c167ebc618",3804,0
"5a5afc08b09efd35deccad142c167ebc619",3810,0
"5a5afc08b09efd35deccad142c167ebc620",3816,0
"5a5afc08b09efd35deccad142c167ebc621",3822,0
"5a5afc08b09efd35deccad142c167ebc622",3828,0
"5a5afc08b09efd35deccad142c167ebc623",3834,0
"5a5afc08b09efd35deccad142c167ebc624",3840,0
"5a5afc08b09efd35deccad142c167ebc625",3846,0
"5a5afc08b09efd35deccad142c167ebc626",3852,0
"5a5afc08b09efd35deccad142c167ebc627",3858,0
"5a5afc08b09efd35deccad142c167ebc628",3864,0
"5a5afc08b09efd35deccad142c167ebc629",3870,0
"5a5afc08b09efd35deccad142c167ebc630",3876,0
"5a5afc08b09efd35deccad142c167ebc631",3882,0
"5a5afc08b09efd35deccad142c167ebc632",3888,0
"5a5afc08b09efd35deccad142c167ebc633",3894,0
"5a5afc08b09efd35deccad142c167ebc634",3900,0
"5a5afc08b09efd35deccad142c167ebc635",3906,0
"5a5afc08b09efd35deccad142c167ebc636",3912,0
"5a5afc08b09efd35deccad142c167ebc637",3918,0
"5a5afc08b09efd35deccad142c167ebc638",3924,0
"5a5afc08b09efd35deccad142c167ebc639",3930,0
"5a5afc08b09efd35deccad142c167ebc640",3936,0
"5a5afc08b09efd35deccad142c167ebc641",3942,0
"5a5afc08b09efd35deccad142c167ebc642",3948,0
"5a5afc08b09efd35deccad142c167ebc643",3954,0
"5a5afc08b09efd35deccad142c167ebc644",3960,0
"5a5afc08b09efd35deccad142c167ebc645",3966,0
"5a5afc08b09efd35deccad142c167ebc646",3972,0
"5a5afc08b09efd35deccad142c167ebc647",3978,0
"5a5afc08b09efd35deccad142c167ebc648",3984,0
"5a5afc08b09efd35deccad142c167ebc649",3990,0
"5a5afc08b09efd35deccad142c167ebc650",3996,NA
"5a5afc08b09efd35deccad142c167ebc651",4002,NA
"5a5afc08b09efd35deccad142c167ebc652",4008,NA
"5a5afc08b09efd35deccad142c167ebc653",4014,NA
"5a5afc08b09efd35deccad142c167ebc654",4020,NA
"5a5afc08b09efd35deccad142c167ebc655",4026,NA
"5a5afc08b09efd35deccad142c167ebc656",4032,NA
"5a5afc08b09efd35deccad142c167ebc657",4038,NA
"5a5afc08b09efd35deccad142c167ebc658",4044,NA
"5a5afc08b09efd35deccad142c167ebc659",4050,NA
"5a5afc08b09efd35deccad142c167ebc660",4056,NA
"5a5afc08b09efd35deccad142c167ebc661",4062,NA
"5a5afc08b09efd35deccad142c167ebc662",4068,NA
"5a5afc08b09efd35deccad142c167ebc663",4074,NA
"5a5afc08b09efd35deccad142c167ebc664",4080,NA
"5a5afc08b09efd35deccad142c167ebc665",4086,NA
"5a5afc08b09efd35deccad142c167ebc666",4092,NA
"5a5afc08b09efd35deccad142c167ebc667",4098,NA
"5a5afc08b09efd35deccad142c167ebc668",4104,NA
"5a5afc08b09efd35deccad142c167ebc669",4110,NA
"5a5afc08b09efd35deccad142c167ebc670",4116,NA
"5a5afc08b09efd35deccad142c167ebc671",4122,NA
"5a5afc08b09efd35deccad142c167ebc672",4128,NA
"5a5afc08b09efd35deccad142c167ebc673",4134,NA
"5a5afc08b09efd35deccad142c167ebc674",4140,NA
"5a5afc08b09efd35deccad142c167ebc675",4146,NA
"5a5afc08b09efd35deccad142c167ebc676",4152,NA
"5a5afc08b09efd35deccad142c167ebc677",4158,NA
"5a5afc08b09efd35deccad142c167ebc678",4164,NA
"5a5afc08b09efd35deccad142c167ebc679",4170,NA
"5a5afc08b09efd35deccad142c167ebc680",4176,NA
"5a5afc08b09efd35deccad142c167ebc681",4182,NA
"5a5afc08b09efd35deccad142c167ebc682",4188,NA
"5a5afc08b09efd35deccad142c167ebc683",4194,NA
"5a5afc08b09efd35deccad142c167ebc684",4200,NA
"5a5afc08b09efd35deccad142c167ebc685",4206,NA
"5a5afc08b09efd35deccad142c167ebc686",4212,NA
"5a5afc08b09efd35deccad142c167ebc687",4218,NA
"5a5afc08b09efd35deccad142c167ebc688",4224,NA
"5a5afc08b09efd35deccad142c167ebc689",4230,NA
"5a5afc08b09efd35deccad142c167ebc690",4236,NA
"5a5afc08b09efd35deccad142c167ebc691",4242,NA
"5a5afc08b09efd35deccad142c167ebc692",4248,NA
"5a5afc08b09efd35deccad142c167ebc693",4254,NA
"5a5afc08b09efd35deccad142c167ebc694",4260,NA
"5a5afc08b09efd35deccad142c167ebc695",4266,NA
"5a5afc08b09efd35deccad142c167ebc696",4272,NA
"5a5afc08b09efd35deccad142c167ebc697",4278,NA
"5a5afc08b09efd35deccad142c167ebc698",4284,NA
"5a5afc08b09efd35deccad142c167ebc699",4290,NA
"5a5afc08b09efd35deccad142c167ebc700",4296,NA
"5a5afc08b09efd35deccad142c167ebc701",4302,NA
"5a5afc08b09efd35deccad142c167ebc702",4308,NA
"5a5afc08b09efd35deccad142c167ebc703",4314,NA
"5a5afc08b09efd35deccad142c167ebc704",4320,NA
"5a5afc08b09efd35deccad142c167ebc705",4326,NA
"5a5afc08b09efd35deccad142c167ebc706",4332,NA
"5a5afc08b09efd35deccad142c167ebc707",4338,NA
"5a5afc08b09efd35deccad142c167ebc708",4344,NA
"5a5afc08b09efd35deccad142c167ebc709",4350,NA
"5a5afc08b09efd35deccad142c167ebc710",4356,NA
"5a5afc08b09efd35deccad142c167ebc711",4362,NA
"5a5afc08b09efd35deccad142c167ebc712",4368,NA
"5a5afc08b09efd35deccad142c167ebc713",4374,NA
"5a5afc08b09efd35deccad142c167ebc714",4380,NA
"5a5afc08b09efd35deccad142c167ebc715",4386,NA
"5a5afc08b09efd35deccad142c167ebc716",4392,NA
"5a5afc08b09efd35deccad142c167ebc717",4398,NA
"5a5afc08b09efd35deccad142c167ebc718",4404,NA
"5a5afc08b09efd35deccad142c167ebc719",4410,NA
"5a5afc08b09efd35deccad142c167ebc720",4416,NA
"5a5afc08b09efd35deccad142c167ebc721",4422,NA
"5a5afc08b09efd35deccad142c167ebc722",4428,NA
"5a5afc08b09efd35deccad142c167ebc723",4434,NA
"5a5afc08b09efd35deccad142c167ebc724",4440,NA
"5a5afc08b09efd35deccad142c167ebc725",4446,NA
"5a5afc08b09efd35deccad142c167ebc726",4452,NA
"5a5afc08b09efd35deccad142c167ebc727",4458,NA
"5a5afc08b09efd35deccad142c167ebc728",4464,NA
"5a5afc08b09efd35deccad142c167ebc729",4470,NA
"5a5afc08b09efd35deccad142c167ebc730",4476,NA
"5a5afc08b09efd35deccad142c167ebc731",4482,NA
"5a5afc08b09efd35deccad142c167ebc732",4488,NA
"5a5afc08b09efd35deccad142c167ebc733",4494,NA
"5a5afc08b09efd35deccad142c167ebc734",4500,NA
"5a5afc08b09efd35deccad142c167ebc735",4506,NA
"5a5afc08b09efd35deccad142c167ebc736",4512,NA
"5a5afc08b09efd35deccad142c167ebc737",4518,NA
"5a5afc08b09efd35deccad142c167ebc738",4524,NA
"5a5afc08b09efd35deccad142c167ebc739",4530,NA
"5a5afc08b09efd35deccad142c167ebc740",4536,NA
"5a5afc08b09efd35deccad142c167ebc741",4542,NA
"5a5afc08b09efd35deccad142c167ebc742",4548,NA
"5a5afc08b09efd35deccad142c167ebc743",4554,NA
"5a5afc08b09efd35deccad142c167ebc744",4560,NA
"5a5afc08b09efd35deccad142c167ebc745",4566,NA
"5a5afc08b09efd35deccad142c167ebc746",4572,NA
"5a5afc08b09efd35deccad142c167ebc747",4578,NA
"5a5afc08b09efd35deccad142c167ebc748",4584,NA
"5a5afc08b09efd35deccad142c167ebc749",4590,NA
"5a5afc08b09efd35deccad142c167ebc750",4596,NA
"5a5afc08b09efd35deccad142c167ebc751",4602,NA
"5a5afc08b09efd35deccad142c167ebc752",4608,NA
"5a5afc08b09efd35deccad142c167ebc753",4614,NA
"5a5afc08b09efd35deccad142c167ebc754",4620,NA
"5a5afc08b09efd35deccad142c167ebc755",4626,NA
"5a5afc08b09efd35deccad142c167ebc756",4632,NA
"5a5afc08b09efd35deccad142c167ebc757",4638,NA
"5a5afc08b09efd35deccad142c167ebc758",4644,NA
"5a5afc08b09efd35deccad142c167ebc759",4650,NA
"5a5afc08b09efd35deccad142c167ebc760",4656,NA
"5a5afc08b09efd35deccad142c167ebc761",4662,NA
"5a5afc08b09efd35deccad142c167ebc762",4668,NA
"5a5afc08b09efd35deccad142c167ebc763",4674,NA
"5a5afc08b09efd35deccad142c167ebc764",4680,NA
"5a5afc08b09efd35deccad142c167ebc765",4686,NA
"5a5afc08b09efd35deccad142c167ebc766",4692,NA
"5a5afc08b09efd35deccad142c167ebc767",4698,NA
"5a5afc08b09efd35deccad142c167ebc768",4704,NA
"5a5afc08b09efd35deccad142c167ebc769",4710,NA
"5a5afc08b09efd35deccad142c167ebc770",4716,NA
"5a5afc08b09efd35deccad142c167ebc771",4722,NA
"5a5afc08b09efd35deccad142c167ebc772",4728,NA
"5a5afc08b09efd35deccad142c167ebc773",4734,NA
"5a5afc08b09efd35deccad142c167ebc774",4740,NA
"5a5afc08b09efd35deccad142c167ebc775",4746,NA
"5a5afc08b09efd35deccad142c167ebc776",4752,NA
"5a5afc08b09efd35deccad142c167ebc777",4758,NA
"5a5afc08b09efd35deccad142c167ebc778",4764,NA
"5a5afc08b09efd35deccad142c167ebc779",4770,NA
"5a5afc08b09efd35deccad142c167ebc780",4776,NA
"5a5afc08b09efd35deccad142c167ebc781",4782,NA
"5a5afc08b09efd35deccad142c167ebc782",4788,NA
"5a5afc08b09efd35deccad142c167ebc783",4794,NA
"5a5afc08b09efd35deccad142c167ebc784",4800,NA
"5a5afc08b09efd35deccad142c167ebc785",4806,NA
"5a5afc08b09efd35deccad142c167ebc786",4812,NA
"5a5afc08b09efd35deccad142c167ebc787",4818,NA
"5a5afc08b09efd35deccad142c167ebc788",4824,NA
"5a5afc08b09efd35deccad142c167ebc789",4830,NA
"5a5afc08b09efd35deccad142c167ebc790",4836,NA
"5a5afc08b09efd35deccad142c167ebc791",4842,NA
"5a5afc08b09efd35deccad142c167ebc792",4848,NA
"5a5afc08b09efd35deccad142c167ebc793",4854,NA
"5a5afc08b09efd35deccad142c167ebc794",4860,NA
"5a5afc08b09efd35deccad142c167ebc795",4866,NA
"5a5afc08b09efd35deccad142c167ebc796",4872,NA
"5a5afc08b09efd35deccad142c167ebc797",4878,NA
"5a5afc08b09efd35deccad142c167ebc798",4884,NA
"5a5afc08b09efd35deccad142c167ebc799",4890,NA
"5a5afc08b09efd35deccad142c167ebc800",4896,NA
"5a5afc08b09efd35deccad142c167ebc801",4902,NA
"5a5afc08b09efd35deccad142c167ebc802",4908,NA
"5a5afc08b09efd35deccad142c167ebc803",4914,NA
"5a5afc08b09efd35deccad142c167ebc804",4920,NA
"5a5afc08b09efd35deccad142c167ebc805",4926,NA
"5a5afc08b09efd35deccad142c167ebc806",4932,NA
"5a5afc08b09efd35deccad142c167ebc807",4938,NA
"5a5afc08b09efd35deccad142c167ebc808",4944,NA
"5a5afc08b09efd35deccad142c167ebc809",4950,NA
"5a5afc08b09efd35deccad142c167ebc810",4956,NA
"5a5afc08b09efd35deccad142c167ebc811",4962,NA
"5a5afc08b09efd35deccad142c167ebc812",4968,NA
"5a5afc08b09efd35deccad142c167ebc813",4974,NA
"5a5afc08b09efd35deccad142c167ebc814",4980,NA
"5a5afc08b09efd35deccad142c167ebc815",4986,NA
"5a5afc08b09efd35deccad142c167ebc816",4992,NA
"5a5afc08b09efd35deccad142c167ebc817",4998,NA
"5a5afc08b09efd35deccad142c167ebc818",5004,NA
"5a5afc08b09efd35deccad142c167ebc819",5010,NA
"5a5afc08b09efd35deccad142c167ebc820",5016,NA
"5a5afc08b09efd35deccad142c167ebc821",5022,NA
"5a5afc08b09efd35deccad142c167ebc822",5028,NA
"5a5afc08b09efd35deccad142c167ebc823",5034,NA
"5a5afc08b09efd35deccad142c167ebc824",5040,NA
"5a5afc08b09efd35deccad142c167ebc825",5046,NA
"5a5afc08b09efd35deccad142c167ebc826",5052,NA
"5a5afc08b09efd35deccad142c167ebc827",5058,NA
"5a5afc08b09efd35deccad142c167ebc828",5064,NA
"5a5afc08b09efd35deccad142c167ebc829",5070,NA
"5a5afc08b09efd35deccad142c167ebc830",5076,NA
"5a5afc08b09efd35deccad142c167ebc831",5082,NA
"5a5afc08b09efd35deccad142c167ebc832",5088,NA
"5a5afc08b09efd35deccad142c167ebc833",5094,NA
"5a5afc08b09efd35deccad142c167ebc834",5100,NA
"5a5afc08b09efd35deccad142c167ebc835",5106,NA
"5a5afc08b09efd35deccad142c167ebc836",5112,NA
"5a5afc08b09efd35deccad142c167ebc837",5118,NA
"5a5afc08b09efd35deccad142c167ebc838",5124,NA
"5a5afc08b09efd35deccad142c167ebc839",5130,NA
"5a5afc08b09efd35deccad142c167ebc840",5136,NA
"5a5afc08b09efd35deccad142c167ebc841",5142,NA
"5a5afc08b09efd35deccad142c167ebc842",5148,NA
"5a5afc08b09efd35deccad142c167ebc843",5154,NA
"5a5afc08b09efd35deccad142c167ebc844",5160,NA
"5a5afc08b09efd35deccad142c167ebc845",5166,NA
"5a5afc08b09efd35deccad142c167ebc846",5172,NA
"5a5afc08b09efd35deccad142c167ebc847",5178,NA
"5a5afc08b09efd35deccad142c167ebc848",5184,NA
"5a5afc08b09efd35deccad142c167ebc849",5190,NA
"5a5afc08b09efd35deccad142c167ebc850",5196,NA
"5a5afc08b09efd35deccad142c167ebc851",5202,NA
"5a5afc08b09efd35deccad142c167ebc852",5208,NA
"5a5afc08b09efd35deccad142c167ebc853",5214,NA
"5a5afc08b09efd35deccad142c167ebc854",5220,NA
"5a5afc08b09efd35deccad142c167ebc855",5226,NA
"5a5afc08b09efd35deccad142c167ebc856",5232,NA
"5a5afc08b09efd35deccad142c167ebc857",5238,NA
"5a5afc08b09efd35deccad142c167ebc858",5244,NA
"5a5afc08b09efd35deccad142c167ebc859",5250,NA
"5a5afc08b09efd35deccad142c167ebc860",5256,NA
"5a5afc08b09efd35deccad142c167ebc861",5262,NA
"5a5afc08b09efd35deccad142c167ebc862",5268,NA
"5a5afc08b09efd35deccad142c167ebc863",5274,NA
"5a5afc08b09efd35deccad142c167ebc864",5280,NA
"5a5afc08b09efd35deccad142c167ebc865",5286,NA
"5a5afc08b09efd35deccad142c167ebc866",5292,NA
"5a5afc08b09efd35deccad142c167ebc867",5298,NA
"5a5afc08b09efd35deccad142c167ebc868",5304,NA
"5a5afc08b09efd35deccad142c167ebc869",5310,NA
"5a5afc08b09efd35deccad142c167ebc870",5316,NA
"5a5afc08b09efd35deccad142c167ebc871",5322,NA
"5a5afc08b09efd35deccad142c167ebc872",5328,NA
"5a5afc08b09efd35deccad142c167ebc873",5334,NA
"5a5afc08b09efd35deccad142c167ebc874",5340,NA
"5a5afc08b09efd35deccad142c167ebc875",5346,NA
"5a5afc08b09efd35deccad142c167ebc876",5352,NA
"5a5afc08b09efd35deccad142c167ebc877",5358,NA
"5a5afc08b09efd35deccad142c167ebc878",5364,NA
"5a5afc08b09efd35deccad142c167ebc879",5370,NA
"5a5afc08b09efd35deccad142c167ebc880",5376,NA
"5a5afc08b09efd35deccad142c167ebc881",5382,NA
"5a5afc08b09efd35deccad142c167ebc882",5388,NA
"5a5afc08b09efd35deccad142c167ebc883",5394,NA
"5a5afc08b09efd35deccad142c167ebc884",5400,NA
"5a5afc08b09efd35deccad142c167ebc885",5406,NA
"5a5afc08b09efd35deccad142c167ebc886",5412,NA
"5a5afc08b09efd35deccad142c167ebc887",5418,NA
"5a5afc08b09efd35deccad142c167ebc888",5424,NA
"5a5afc08b09efd35deccad142c167ebc889",5430,NA
"5a5afc08b09efd35deccad142c167ebc890",5436,NA
"5a5afc08b09efd35deccad142c167ebc891",5442,NA
"5a5afc08b09efd35deccad142c167ebc892",5448,NA
"5a5afc08b09efd35deccad142c167ebc893",5454,NA
"5a5afc08b09efd35deccad142c167ebc894",5460,NA
"5a5afc08b09efd35deccad142c167ebc895",5466,NA
"5a5afc08b09efd35deccad142c167ebc896",5472,NA
"5a5afc08b09efd35deccad142c167ebc897",5478,NA
"5a5afc08b09efd35deccad142c167ebc898",5484,NA
"5a5afc08b09efd35deccad142c167ebc899",5490,NA
"5a5afc08b09efd35deccad142c167ebc900",5496,NA
"5a5afc08b09efd35deccad142c167ebc901",5502,NA
"5a5afc08b09efd35deccad142c167ebc902",5508,NA
"5a5afc08b09efd35deccad142c167ebc903",5514,NA
"5a5afc08b09efd35deccad142c167ebc904",5520,NA
"5a5afc08b09efd35deccad142c167ebc905",5526,NA
"5a5afc08b09efd35deccad142c167ebc906",5532,NA
"5a5afc08b09efd35deccad142c167ebc907",5538,NA
"5a5afc08b09efd35deccad142c167ebc908",5544,NA
"5a5afc08b09efd35deccad142c167ebc909",5550,NA
"5a5afc08b09efd35deccad142c167ebc910",5556,NA
"5a5afc08b09efd35deccad142c167ebc911",5562,NA
"5a5afc08b09efd35deccad142c167ebc912",5568,NA
"5a5afc08b09efd35deccad142c167ebc913",5574,NA
"5a5afc08b09efd35deccad142c167ebc914",5580,NA
"5a5afc08b09efd35deccad142c167ebc915",5586,NA
"5a5afc08b09efd35deccad142c167ebc916",5592,NA
"5a5afc08b09efd35deccad142c167ebc917",5598,NA
"5a5afc08b09efd35deccad142c167ebc918",5604,NA
"5a5afc08b09efd35deccad142c167ebc919",5610,NA
"5a5afc08b09efd35deccad142c167ebc920",5616,NA
"5a5afc08b09efd35deccad142c167ebc921",5622,NA
"5a5afc08b09efd35deccad142c167ebc922",5628,NA
"5a5afc08b09efd35deccad142c167ebc923",5634,NA
"5a5afc08b09efd35deccad142c167ebc924",5640,NA
"5a5afc08b09efd35deccad142c167ebc925",5646,NA
"5a5afc08b09efd35deccad142c167ebc926",5652,NA
"5a5afc08b09efd35deccad142c167ebc927",5658,NA
"5a5afc08b09efd35deccad142c167ebc928",5664,NA
"5a5afc08b09efd35deccad142c167ebc929",5670,NA
"5a5afc08b09efd35deccad142c167ebc930",5676,NA
"5a5afc08b09efd35deccad142c167ebc931",5682,NA
"5a5afc08b09efd35deccad142c167ebc932",5688,NA
"5a5afc08b09efd35deccad142c167ebc933",5694,NA
"5a5afc08b09efd35deccad142c167ebc934",5700,NA
"5a5afc08b09efd35deccad142c167ebc935",5706,NA
"5a5afc08b09efd35deccad142c167ebc936",5712,NA
"5a5afc08b09efd35deccad142c167ebc937",5718,NA
"5a5afc08b09efd35deccad142c167ebc938",5724,NA
"5a5afc08b09efd35deccad142c167ebc939",5730,NA
"5a5afc08b09efd35deccad142c167ebc940",5736,NA
"5a5afc08b09efd35deccad142c167ebc941",5742,NA
"5a5afc08b09efd35deccad142c167ebc942",5748,NA
"5a5afc08b09efd35deccad142c167ebc943",5754,NA
"5a5afc08b09efd35deccad142c167ebc944",5760,NA
"5a5afc08b09efd35deccad142c167ebc945",5766,NA
"5a5afc08b09efd35deccad142c167ebc946",5772,NA
"5a5afc08b09efd35deccad142c167ebc947",5778,NA
"5a5afc08b09efd35deccad142c167ebc948",5784,NA
"5a5afc08b09efd35deccad142c167ebc949",5790,NA
"5a5afc08b09efd35deccad142c167ebc950",5796,NA
"5a5afc08b09efd35deccad142c167ebc951",5802,NA
"5a5afc08b09efd35deccad142c167ebc952",5808,NA
"5a5afc08b09efd35deccad142c167ebc953",5814,NA
"5a5afc08b09efd35deccad142c167ebc954",5820,NA
"5a5afc08b09efd35deccad142c167ebc955",5826,NA
"5a5afc08b09efd35deccad142c167ebc956",5832,NA
"5a5afc08b09efd35deccad142c167ebc957",5838,NA
"5a5afc08b09efd35deccad142c167ebc958",5844,NA
"5a5afc08b09efd35deccad142c167ebc959",5850,NA
"5a5afc08b09efd35deccad142c167ebc960",5856,NA
"5a5afc08b09efd35deccad142c167ebc961",5862,NA
"5a5afc08b09efd35deccad142c167ebc962",5868,NA
"5a5afc08b09efd35deccad142c167ebc963",5874,NA
"5a5afc08b09efd35deccad142c167ebc964",5880,NA
"5a5afc08b09efd35deccad142c167ebc965",5886,NA
"5a5afc08b09efd35deccad142c167ebc966",5892,NA
"5a5afc08b09efd35deccad142c167ebc967",5898,NA
"5a5afc08b09efd35deccad142c167ebc968",5904,NA
"5a5afc08b09efd35deccad142c167ebc969",5910,NA
"5a5afc08b09efd35deccad142c167ebc970",5916,NA
"5a5afc08b09efd35deccad142c167ebc971",5922,NA
"5a5afc08b09efd35deccad142c167ebc972",5928,NA
"5a5afc08b09efd35deccad142c167ebc973",5934,NA
"5a5afc08b09efd35deccad142c167ebc974",5940,NA
"5a5afc08b09efd35deccad142c167ebc975",5946,NA
"5a5afc08b09efd35deccad142c167ebc976",5952,NA
"5a5afc08b09efd35deccad142c167ebc977",5958,NA
"5a5afc08b09efd35deccad142c167ebc978",5964,NA
"5a5afc08b09efd35deccad142c167ebc979",5970,NA
"5a5afc08b09efd35deccad142c167ebc980",5976,NA
"5a5afc08b09efd35deccad142c167ebc981",5982,NA
"5a5afc08b09efd35deccad142c167ebc982",5988,NA
"5a5afc08b09efd35deccad142c167ebc983",5994,NA
"5a5afc08b09efd35deccad142c167ebc984",6000,NA
"5a5afc08b09efd35deccad142c167ebc985",6006,NA
"5a5afc08b09efd35deccad142c167ebc986",6012,NA
"5a5afc08b09efd35deccad142c167ebc987",6018,NA
"5a5afc08b09efd35deccad142c167ebc988",6024,NA
"5a5afc08b09efd35deccad142c167ebc989",6030,NA
"5a5afc08b09efd35deccad142c167ebc990",6036,NA
"5a5afc08b09efd35deccad142c167ebc991",6042,NA
"5a5afc08b09efd35deccad142c167ebc992",6048,NA
"5a5afc08b09efd35deccad142c167ebc993",6054,NA
"5a5afc08b09efd35deccad142c167ebc994",6060,NA
"5a5afc08b09efd35deccad142c167ebc995",6066,NA
"5a5afc08b09efd35deccad142c167ebc996",6072,NA
"5a5afc08b09efd35deccad142c167ebc997",6078,NA
"5a5afc08b09efd35deccad142c167ebc998",6084,NA
"5a5afc08b09efd35deccad142c167ebc999",6090,NA
"5a5afc08b09efd35deccad142c167ebc1000",6096,NA
"5a5afc08b09efd35deccad142c167ebc1001",6102,NA
"5a5afc08b09efd35deccad142c167ebc1002",6108,NA
"5a5afc08b09efd35deccad142c167ebc1003",6114,NA
"5a5afc08b09efd35deccad142c167ebc1004",6120,NA
"5a5afc08b09efd35deccad142c167ebc1005",6126,NA
"5a5afc08b09efd35deccad142c167ebc1006",6132,NA
"5a5afc08b09efd35deccad142c167ebc1007",6138,NA
"5a5afc08b09efd35deccad142c167ebc1008",6144,NA
"5a5afc08b09efd35deccad142c167ebc1009",6150,NA
"5a5afc08b09efd35deccad142c167ebc1010",6156,NA
"5a5afc08b09efd35deccad142c167ebc1011",6162,NA
"5a5afc08b09efd35deccad142c167ebc1012",6168,NA
"5a5afc08b09efd35deccad142c167ebc1013",6174,NA
"5a5afc08b09efd35deccad142c167ebc1014",6180,NA
"5a5afc08b09efd35deccad142c167ebc1015",6186,NA
"5a5afc08b09efd35deccad142c167ebc1016",6192,NA
"5a5afc08b09efd35deccad142c167ebc1017",6198,NA
"5a5afc08b09efd35deccad142c167ebc1018",6204,NA
"5a5afc08b09efd35deccad142c167ebc1019",6210,NA
"5a5afc08b09efd35deccad142c167ebc1020",6216,NA
"5a5afc08b09efd35deccad142c167ebc1021",6222,NA
"5a5afc08b09efd35deccad142c167ebc1022",6228,NA
"5a5afc08b09efd35deccad142c167ebc1023",6234,NA
"5a5afc08b09efd35deccad142c167ebc1024",6240,NA
"5a5afc08b09efd35deccad142c167ebc1025",6246,NA
"5a5afc08b09efd35deccad142c167ebc1026",6252,NA
"5a5afc08b09efd35deccad142c167ebc1027",6258,NA
"5a5afc08b09efd35deccad142c167ebc1028",6264,NA
"5a5afc08b09efd35deccad142c167ebc1029",6270,NA
"5a5afc08b09efd35deccad142c167ebc1030",6276,NA
"5a5afc08b09efd35deccad142c167ebc1031",6282,NA
"5a5afc08b09efd35deccad142c167ebc1032",6288,NA
"5a5afc08b09efd35deccad142c167ebc1033",6294,NA
"5a5afc08b09efd35deccad142c167ebc1034",6300,NA
"5a5afc08b09efd35deccad142c167ebc1035",6306,NA
"5a5afc08b09efd35deccad142c167ebc1036",6312,NA
"5a5afc08b09efd35deccad142c167ebc1037",6318,NA
"5a5afc08b09efd35deccad142c167ebc1038",6324,NA
"5a5afc08b09efd35deccad142c167ebc1039",6330,NA
"5a5afc08b09efd35deccad142c167ebc1040",6336,NA
"5a5afc08b09efd35deccad142c167ebc1041",6342,NA
"5a5afc08b09efd35deccad142c167ebc1042",6348,NA
"5a5afc08b09efd35deccad142c167ebc1043",6354,NA
"5a5afc08b09efd35deccad142c167ebc1044",6360,NA
"5a5afc08b09efd35deccad142c167ebc1045",6366,NA
"5a5afc08b09efd35deccad142c167ebc1046",6372,NA
"5a5afc08b09efd35deccad142c167ebc1047",6378,NA
"5a5afc08b09efd35deccad142c167ebc1048",6384,NA
"5a5afc08b09efd35deccad142c167ebc1049",6390,NA
"5a5afc08b09efd35deccad142c167ebc1050",6396,NA
"5a5afc08b09efd35deccad142c167ebc1051",6402,NA
"5a5afc08b09efd35deccad142c167ebc1052",6408,NA
"5a5afc08b09efd35deccad142c167ebc1053",6414,NA
"5a5afc08b09efd35deccad142c167ebc1054",6420,NA
"5a5afc08b09efd35deccad142c167ebc1055",6426,NA
"5a5afc08b09efd35deccad142c167ebc1056",6432,NA
"5a5afc08b09efd35deccad142c167ebc1057",6438,NA
"5a5afc08b09efd35deccad142c167ebc1058",6444,NA
"5a5afc08b09efd35deccad142c167ebc1059",6450,NA
"5a5afc08b09efd35deccad142c167ebc1060",6456,NA
"5a5afc08b09efd35deccad142c167ebc1061",6462,NA
"5a5afc08b09efd35deccad142c167ebc1062",6468,NA
"5a5afc08b09efd35deccad142c167ebc1063",6474,NA
"5a5afc08b09efd35deccad142c167ebc1064",6480,NA
"5a5afc08b09efd35deccad142c167ebc1065",6486,NA
"5a5afc08b09efd35deccad142c167ebc1066",6492,NA
"5a5afc08b09efd35deccad142c167ebc1067",6498,NA
"5a5afc08b09efd35deccad142c167ebc1068",6504,NA
"5a5afc08b09efd35deccad142c167ebc1069",6510,NA
"5a5afc08b09efd35deccad142c167ebc1070",6516,NA
"5a5afc08b09efd35deccad142c167ebc1071",6522,NA
"5a5afc08b09efd35deccad142c167ebc1072",6528,NA
"5a5afc08b09efd35deccad142c167ebc1073",6534,NA
"5a5afc08b09efd35deccad142c167ebc1074",6540,NA
"5a5afc08b09efd35deccad142c167ebc1075",6546,NA
"5a5afc08b09efd35deccad142c167ebc1076",6552,NA
"5a5afc08b09efd35deccad142c167ebc1077",6558,NA
"5a5afc08b09efd35deccad142c167ebc1078",6564,NA
"5a5afc08b09efd35deccad142c167ebc1079",6570,NA
"5a5afc08b09efd35deccad142c167ebc1080",6576,NA
"5a5afc08b09efd35deccad142c167ebc1081",6582,NA
"5a5afc08b09efd35deccad142c167ebc1082",6588,NA
"5a5afc08b09efd35deccad142c167ebc1083",6594,NA
"5a5afc08b09efd35deccad142c167ebc1084",6600,NA
"5a5afc08b09efd35deccad142c167ebc1085",6606,NA
"5a5afc08b09efd35deccad142c167ebc1086",6612,NA
"5a5afc08b09efd35deccad142c167ebc1087",6618,NA
"5a5afc08b09efd35deccad142c167ebc1088",6624,NA
"5a5afc08b09efd35deccad142c167ebc1089",6630,NA
"5a5afc08b09efd35deccad142c167ebc1090",6636,NA
"5a5afc08b09efd35deccad142c167ebc1091",6642,NA
"5a5afc08b09efd35deccad142c167ebc1092",6648,NA
"5a5afc08b09efd35deccad142c167ebc1093",6654,NA
"5a5afc08b09efd35deccad142c167ebc1094",6660,NA
"5a5afc08b09efd35deccad142c167ebc1095",6666,NA
"5a5afc08b09efd35deccad142c167ebc1096",6672,NA
"5a5afc08b09efd35deccad142c167ebc1097",6678,NA
"5a5afc08b09efd35deccad142c167ebc1098",6684,NA
"5a5afc08b09efd35deccad142c167ebc1099",6690,NA
"5a5afc08b09efd35deccad142c167ebc1100",6696,NA
"5a5afc08b09efd35deccad142c167ebc1101",6702,NA
"5a5afc08b09efd35deccad142c167ebc1102",6708,NA
"5a5afc08b09efd35deccad142c167ebc1103",6714,NA
"5a5afc08b09efd35deccad142c167ebc1104",6720,NA
"5a5afc08b09efd35deccad142c167ebc1105",6726,NA
"5a5afc08b09efd35deccad142c167ebc1106",6732,NA
"5a5afc08b09efd35deccad142c167ebc1107",6738,NA
"5a5afc08b09efd35deccad142c167ebc1108",6744,NA
"5a5afc08b09efd35deccad142c167ebc1109",6750,NA
"5a5afc08b09efd35deccad142c167ebc1110",6756,NA
"5a5afc08b09efd35deccad142c167ebc1111",6762,NA
"5a5afc08b09efd35deccad142c167ebc1112",6768,NA
"5a5afc08b09efd35deccad142c167ebc1113",6774,NA
"5a5afc08b09efd35deccad142c167ebc1114",6780,NA
"5a5afc08b09efd35deccad142c167ebc1115",6786,NA
"5a5afc08b09efd35deccad142c167ebc1116",6792,NA
"5a5afc08b09efd35deccad142c167ebc1117",6798,NA
"5a5afc08b09efd35deccad142c167ebc1118",6804,NA
"5a5afc08b09efd35deccad142c167ebc1119",6810,NA
"5a5afc08b09efd35deccad142c167ebc1120",6816,NA
"5a5afc08b09efd35deccad142c167ebc1121",6822,NA
"5a5afc08b09efd35deccad142c167ebc1122",6828,NA
"5a5afc08b09efd35deccad142c167ebc1123",6834,NA
"5a5afc08b09efd35deccad142c167ebc1124",6840,NA
"5a5afc08b09efd35deccad142c167ebc1125",6846,NA
"5a5afc08b09efd35deccad142c167ebc1126",6852,NA
"5a5afc08b09efd35deccad142c167ebc1127",6858,NA
"5a5afc08b09efd35deccad142c167ebc1128",6864,NA
"5a5afc08b09efd35deccad142c167ebc1129",6870,NA
"5a5afc08b09efd35deccad142c167ebc1130",6876,NA
"5a5afc08b09efd35deccad142c167ebc1131",6882,NA
"5a5afc08b09efd35deccad142c167ebc1132",6888,NA
"5a5afc08b09efd35deccad142c167ebc1133",6894,NA
"5a5afc08b09efd35deccad142c167ebc1134",6900,NA
"5a5afc08b09efd35deccad142c167ebc1135",6906,NA
"5a5afc08b09efd35deccad142c167ebc1136",6912,NA
"5a5afc08b09efd35deccad142c167ebc1137",6918,NA
"5a5afc08b09efd35deccad142c167ebc1138",6924,NA
"5a5afc08b09efd35deccad142c167ebc1139",6930,NA
"5a5afc08b09efd35deccad142c167ebc1140",6936,NA
"5a5afc08b09efd35deccad142c167ebc1141",6942,NA
"5a5afc08b09efd35deccad142c167ebc1142",6948,NA
"5a5afc08b09efd35deccad142c167ebc1143",6954,NA
"5a5afc08b09efd35deccad142c167ebc1144",6960,NA
"5a5afc08b09efd35deccad142c167ebc1145",6966,NA
"5a5afc08b09efd35deccad142c167ebc1146",6972,NA
"5a5afc08b09efd35deccad142c167ebc1147",6978,NA
"5a5afc08b09efd35deccad142c167ebc1148",6984,NA
"5a5afc08b09efd35deccad142c167ebc1149",6990,NA
"5a5afc08b09efd35deccad142c167ebc1150",6996,NA
"5a5afc08b09efd35deccad142c167ebc1151",7002,NA
"5a5afc08b09efd35deccad142c167ebc1152",7008,NA
"5a5afc08b09efd35deccad142c167ebc1153",7014,NA
"5a5afc08b09efd35deccad142c167ebc1154",7020,NA
"5a5afc08b09efd35deccad142c167ebc1155",7026,NA
"5a5afc08b09efd35deccad142c167ebc1156",7032,NA
"5a5afc08b09efd35deccad142c167ebc1157",7038,NA
"5a5afc08b09efd35deccad142c167ebc1158",7044,NA
"5a5afc08b09efd35deccad142c167ebc1159",7050,NA
"5a5afc08b09efd35deccad142c167ebc1160",7056,NA
"5a5afc08b09efd35deccad142c167ebc1161",7062,NA
"5a5afc08b09efd35deccad142c167ebc1162",7068,NA
"5a5afc08b09efd35deccad142c167ebc1163",7074,NA
"5a5afc08b09efd35deccad142c167ebc1164",7080,NA
"5a5afc08b09efd35deccad142c167ebc1165",7086,NA
"5a5afc08b09efd35deccad142c167ebc1166",7092,NA
"5a5afc08b09efd35deccad142c167ebc1167",7098,NA
"5a5afc08b09efd35deccad142c167ebc1168",7104,NA
"5a5afc08b09efd35deccad142c167ebc1169",7110,NA
"5a5afc08b09efd35deccad142c167ebc1170",7116,NA
"5a5afc08b09efd35deccad142c167ebc1171",7122,NA
"5a5afc08b09efd35deccad142c167ebc1172",7128,NA
"5a5afc08b09efd35deccad142c167ebc1173",7134,NA
"5a5afc08b09efd35deccad142c167ebc1174",7140,NA
"5a5afc08b09efd35deccad142c167ebc1175",7146,NA
"5a5afc08b09efd35deccad142c167ebc1176",7152,NA
"5a5afc08b09efd35deccad142c167ebc1177",7158,NA
"5a5afc08b09efd35deccad142c167ebc1178",7164,NA
"5a5afc08b09efd35deccad142c167ebc1179",7170,NA
"5a5afc08b09efd35deccad142c167ebc1180",7176,NA
"5a5afc08b09efd35deccad142c167ebc1181",7182,NA
"5a5afc08b09efd35deccad142c167ebc1182",7188,NA
"5a5afc08b09efd35deccad142c167ebc1183",7194,NA
"5a5afc08b09efd35deccad142c167ebc1184",7200,NA
"5a5afc08b09efd35deccad142c167ebc1185",7206,NA
"5a5afc08b09efd35deccad142c167ebc1186",7212,NA
"5a5afc08b09efd35deccad142c167ebc1187",7218,NA
"5a5afc08b09efd35deccad142c167ebc1188",7224,NA
"5a5afc08b09efd35deccad142c167ebc1189",7230,NA
"5a5afc08b09efd35deccad142c167ebc1190",7236,NA
"5a5afc08b09efd35deccad142c167ebc1191",7242,NA
"5a5afc08b09efd35deccad142c167ebc1192",7248,NA
"5a5afc08b09efd35deccad142c167ebc1193",7254,NA
"5a5afc08b09efd35deccad142c167ebc1194",7260,NA
"5a5afc08b09efd35deccad142c167ebc1195",7266,NA
"5a5afc08b09efd35deccad142c167ebc1196",7272,NA
"5a5afc08b09efd35deccad142c167ebc1197",7278,NA
"5a5afc08b09efd35deccad142c167ebc1198",7284,NA
"5a5afc08b09efd35deccad142c167ebc1199",7290,NA
"5a5afc08b09efd35deccad142c167ebc1200",7296,NA
"5a5afc08b09efd35deccad142c167ebc1201",7302,NA
"5a5afc08b09efd35deccad142c167ebc1202",7308,NA
"5a5afc08b09efd35deccad142c167ebc1203",7314,NA
"5a5afc08b09efd35deccad142c167ebc1204",7320,NA
"5a5afc08b09efd35deccad142c167ebc1205",7326,NA
"5a5afc08b09efd35deccad142c167ebc1206",7332,NA
"5a5afc08b09efd35deccad142c167ebc1207",7338,NA
"5a5afc08b09efd35deccad142c167ebc1208",7344,NA
"5a5afc08b09efd35deccad142c167ebc1209",7350,NA
"5a5afc08b09efd35deccad142c167ebc1210",7356,NA
"5a5afc08b09efd35deccad142c167ebc1211",7362,NA
"5a5afc08b09efd35deccad142c167ebc1212",7368,NA
"5a5afc08b09efd35deccad142c167ebc1213",7374,NA
"5a5afc08b09efd35deccad142c167ebc1214",7380,NA
"5a5afc08b09efd35deccad142c167ebc1215",7386,NA
"5a5afc08b09efd35deccad142c167ebc1216",7392,NA
"5a5afc08b09efd35deccad142c167ebc1217",7398,NA
"5a5afc08b09efd35deccad142c167ebc1218",7404,NA
"5a5afc08b09efd35deccad142c167ebc1219",7410,NA
"5a5afc08b09efd35deccad142c167ebc1220",7416,NA
"5a5afc08b09efd35deccad142c167ebc1221",7422,NA
"5a5afc08b09efd35deccad142c167ebc1222",7428,NA
"5a5afc08b09efd35deccad142c167ebc1223",7434,NA
"5a5afc08b09efd35deccad142c167ebc1224",7440,NA
"5a5afc08b09efd35deccad142c167ebc1225",7446,NA
"5a5afc08b09efd35deccad142c167ebc1226",7452,NA
"5a5afc08b09efd35deccad142c167ebc1227",7458,NA
"5a5afc08b09efd35deccad142c167ebc1228",7464,NA
"5a5afc08b09efd35deccad142c167ebc1229",7470,NA
"5a5afc08b09efd35deccad142c167ebc1230",7476,NA
"5a5afc08b09efd35deccad142c167ebc1231",7482,NA
"5a5afc08b09efd35deccad142c167ebc1232",7488,NA
"5a5afc08b09efd35deccad142c167ebc1233",7494,NA
"5a5afc08b09efd35deccad142c167ebc1234",7500,NA
"5a5afc08b09efd35deccad142c167ebc1235",7506,NA
"5a5afc08b09efd35deccad142c167ebc1236",7512,NA
"5a5afc08b09efd35deccad142c167ebc1237",7518,NA
"5a5afc08b09efd35deccad142c167ebc1238",7524,NA
"5a5afc08b09efd35deccad142c167ebc1239",7530,NA
"5a5afc08b09efd35deccad142c167ebc1240",7536,NA
"5a5afc08b09efd35deccad142c167ebc1241",7542,NA
"5a5afc08b09efd35deccad142c167ebc1242",7548,NA
"5a5afc08b09efd35deccad142c167ebc1243",7554,NA
"5a5afc08b09efd35deccad142c167ebc1244",7560,NA
"5a5afc08b09efd35deccad142c167ebc1245",7566,NA
"5a5afc08b09efd35deccad142c167ebc1246",7572,NA
"5a5afc08b09efd35deccad142c167ebc1247",7578,NA
"5a5afc08b09efd35deccad142c167ebc1248",7584,NA
"5a5afc08b09efd35deccad142c167ebc1249",7590,NA
"5a5afc08b09efd35deccad142c167ebc1250",7596,NA
"5a5afc08b09efd35deccad142c167ebc1251",7602,NA
"5a5afc08b09efd35deccad142c167ebc1252",7608,NA
"5a5afc08b09efd35deccad142c167ebc1253",7614,NA
"5a5afc08b09efd35deccad142c167ebc1254",7620,NA
"5a5afc08b09efd35deccad142c167ebc1255",7626,NA
"5a5afc08b09efd35deccad142c167ebc1256",7632,NA
"5a5afc08b09efd35deccad142c167ebc1257",7638,NA
"5a5afc08b09efd35deccad142c167ebc1258",7644,NA
"5a5afc08b09efd35deccad142c167ebc1259",7650,NA
"5a5afc08b09efd35deccad142c167ebc1260",7656,NA
"5a5afc08b09efd35deccad142c167ebc1261",7662,NA
"5a5afc08b09efd35deccad142c167ebc1262",7668,NA
"5a5afc08b09efd35deccad142c167ebc1263",7674,NA
"5a5afc08b09efd35deccad142c167ebc1264",7680,NA
"5a5afc08b09efd35deccad142c167ebc1265",7686,NA
"5a5afc08b09efd35deccad142c167ebc1266",7692,NA
"5a5afc08b09efd35deccad142c167ebc1267",7698,NA
"5a5afc08b09efd35deccad142c167ebc1268",7704,NA
"5a5afc08b09efd35deccad142c167ebc1269",7710,NA
"5a5afc08b09efd35deccad142c167ebc1270",7716,NA
"5a5afc08b09efd35deccad142c167ebc1271",7722,NA
"5a5afc08b09efd35deccad142c167ebc1272",7728,NA
"5a5afc08b09efd35deccad142c167ebc1273",7734,NA
"5a5afc08b09efd35deccad142c167ebc1274",7740,NA
"5a5afc08b09efd35deccad142c167ebc1275",7746,NA
"5a5afc08b09efd35deccad142c167ebc1276",7752,NA
"5a5afc08b09efd35deccad142c167ebc1277",7758,NA
"5a5afc08b09efd35deccad142c167ebc1278",7764,NA
"5a5afc08b09efd35deccad142c167ebc1279",7770,NA
"5a5afc08b09efd35deccad142c167ebc1280",7776,NA
"5a5afc08b09efd35deccad142c167ebc1281",7782,NA
"5a5afc08b09efd35deccad142c167ebc1282",7788,NA
"5a5afc08b09efd35deccad142c167ebc1283",7794,NA
"5a5afc08b09efd35deccad142c167ebc1284",7800,NA
"5a5afc08b09efd35deccad142c167ebc1285",7806,NA
"5a5afc08b09efd35deccad142c167ebc1286",7812,NA
"5a5afc08b09efd35deccad142c167ebc1287",7818,NA
"5a5afc08b09efd35deccad142c167ebc1288",7824,NA
"5a5afc08b09efd35deccad142c167ebc1289",7830,NA
"5a5afc08b09efd35deccad142c167ebc1290",7836,NA
"5a5afc08b09efd35deccad142c167ebc1291",7842,NA
"5a5afc08b09efd35deccad142c167ebc1292",7848,NA
"5a5afc08b09efd35deccad142c167ebc1293",7854,NA
"5a5afc08b09efd35deccad142c167ebc1294",7860,NA
"5a5afc08b09efd35deccad142c167ebc1295",7866,NA
"5a5afc08b09efd35deccad142c167ebc1296",7872,NA
"5a5afc08b09efd35deccad142c167ebc1297",7878,NA
"5a5afc08b09efd35deccad142c167ebc1298",7884,NA
"5a5afc08b09efd35deccad142c167ebc1299",7890,NA
"5a5afc08b09efd35deccad142c167ebc1300",7896,NA
"5a5afc08b09efd35deccad142c167ebc1301",7902,NA
"5a5afc08b09efd35deccad142c167ebc1302",7908,NA
"5a5afc08b09efd35deccad142c167ebc1303",7914,NA
"5a5afc08b09efd35deccad142c167ebc1304",7920,NA
"5a5afc08b09efd35deccad142c167ebc1305",7926,NA
"5a5afc08b09efd35deccad142c167ebc1306",7932,NA
"5a5afc08b09efd35deccad142c167ebc1307",7938,NA
"5a5afc08b09efd35deccad142c167ebc1308",7944,NA
"5a5afc08b09efd35deccad142c167ebc1309",7950,NA
"5a5afc08b09efd35deccad142c167ebc1310",7956,NA
"5a5afc08b09efd35deccad142c167ebc1311",7962,NA
"5a5afc08b09efd35deccad142c167ebc1312",7968,NA
"5a5afc08b09efd35deccad142c167ebc1313",7974,NA
"5a5afc08b09efd35deccad142c167ebc1314",7980,NA
"5a5afc08b09efd35deccad142c167ebc1315",7986,NA
"5a5afc08b09efd35deccad142c167ebc1316",7992,NA
"5a5afc08b09efd35deccad142c167ebc1317",7998,NA
"5a5afc08b09efd35deccad142c167ebc1318",8004,NA
"5a5afc08b09efd35deccad142c167ebc1319",8010,NA
"5a5afc08b09efd35deccad142c167ebc1320",8016,NA
"5a5afc08b09efd35deccad142c167ebc1321",8022,NA
"5a5afc08b09efd35deccad142c167ebc1322",8028,NA
"5a5afc08b09efd35deccad142c167ebc1323",8034,NA
"5a5afc08b09efd35deccad142c167ebc1324",8040,NA
"5a5afc08b09efd35deccad142c167ebc1325",8046,NA
"5a5afc08b09efd35deccad142c167ebc1326",8052,NA
"5a5afc08b09efd35deccad142c167ebc1327",8058,NA
"5a5afc08b09efd35deccad142c167ebc1328",8064,NA
"5a5afc08b09efd35deccad142c167ebc1329",8070,NA
"5a5afc08b09efd35deccad142c167ebc1330",8076,NA
"5a5afc08b09efd35deccad142c167ebc1331",8082,NA
"5a5afc08b09efd35deccad142c167ebc1332",8088,NA
"5a5afc08b09efd35deccad142c167ebc1333",8094,NA
"5a5afc08b09efd35deccad142c167ebc1334",8100,NA
"5a5afc08b09efd35deccad142c167ebc1335",8106,NA
"5a5afc08b09efd35deccad142c167ebc1336",8112,NA
"5a5afc08b09efd35deccad142c167ebc1337",8118,NA
"5a5afc08b09efd35deccad142c167ebc1338",8124,NA
"5a5afc08b09efd35deccad142c167ebc1339",8130,NA
"5a5afc08b09efd35deccad142c167ebc1340",8136,NA
"5a5afc08b09efd35deccad142c167ebc1341",8142,NA
"5a5afc08b09efd35deccad142c167ebc1342",8148,NA
"5a5afc08b09efd35deccad142c167ebc1343",8154,NA
"5a5afc08b09efd35deccad142c167ebc1344",8160,NA
"5a5afc08b09efd35deccad142c167ebc1345",8166,NA
"5a5afc08b09efd35deccad142c167ebc1346",8172,NA
"5a5afc08b09efd35deccad142c167ebc1347",8178,NA
"5a5afc08b09efd35deccad142c167ebc1348",8184,NA
"5a5afc08b09efd35deccad142c167ebc1349",8190,NA
"5a5afc08b09efd35deccad142c167ebc1350",8196,NA
"5a5afc08b09efd35deccad142c167ebc1351",8202,NA
"5a5afc08b09efd35deccad142c167ebc1352",8208,NA
"5a5afc08b09efd35deccad142c167ebc1353",8214,NA
"5a5afc08b09efd35deccad142c167ebc1354",8220,NA
"5a5afc08b09efd35deccad142c167ebc1355",8226,NA
"5a5afc08b09efd35deccad142c167ebc1356",8232,NA
"5a5afc08b09efd35deccad142c167ebc1357",8238,NA
"5a5afc08b09efd35deccad142c167ebc1358",8244,NA
"5a5afc08b09efd35deccad142c167ebc1359",8250,NA
"5a5afc08b09efd35deccad142c167ebc1360",8256,NA
"5a5afc08b09efd35deccad142c167ebc1361",8262,NA
"5a5afc08b09efd35deccad142c167ebc1362",8268,NA
"5a5afc08b09efd35deccad142c167ebc1363",8274,NA
"5a5afc08b09efd35deccad142c167ebc1364",8280,NA
"5a5afc08b09efd35deccad142c167ebc1365",8286,NA
"5a5afc08b09efd35deccad142c167ebc1366",8292,NA
"5a5afc08b09efd35deccad142c167ebc1367",8298,NA
"5a5afc08b09efd35deccad142c167ebc1368",8304,NA
"5a5afc08b09efd35deccad142c167ebc1369",8310,NA
"5a5afc08b09efd35deccad142c167ebc1370",8316,NA
"5a5afc08b09efd35deccad142c167ebc1371",8322,NA
"5a5afc08b09efd35deccad142c167ebc1372",8328,NA
"5a5afc08b09efd35deccad142c167ebc1373",8334,NA
"5a5afc08b09efd35deccad142c167ebc1374",8340,NA
"5a5afc08b09efd35deccad142c167ebc1375",8346,NA
"5a5afc08b09efd35deccad142c167ebc1376",8352,NA
"5a5afc08b09efd35deccad142c167ebc1377",8358,NA
"5a5afc08b09efd35deccad142c167ebc1378",8364,NA
"5a5afc08b09efd35deccad142c167ebc1379",8370,NA
"5a5afc08b09efd35deccad142c167ebc1380",8376,NA
"5a5afc08b09efd35deccad142c167ebc1381",8382,NA
"5a5afc08b09efd35deccad142c167ebc1382",8388,NA
"5a5afc08b09efd35deccad142c167ebc1383",8394,NA
"5a5afc08b09efd35deccad142c167ebc1384",8400,NA
"5a5afc08b09efd35deccad142c167ebc1385",8406,NA
"5a5afc08b09efd35deccad142c167ebc1386",8412,NA
"5a5afc08b09efd35deccad142c167ebc1387",8418,NA
"5a5afc08b09efd35deccad142c167ebc1388",8424,NA
"5a5afc08b09efd35deccad142c167ebc1389",8430,NA
"5a5afc08b09efd35deccad142c167ebc1390",8436,NA
"5a5afc08b09efd35deccad142c167ebc1391",8442,NA
"5a5afc08b09efd35deccad142c167ebc1392",8448,NA
"5a5afc08b09efd35deccad142c167ebc1393",8454,NA
"5a5afc08b09efd35deccad142c167ebc1394",8460,NA
"5a5afc08b09efd35deccad142c167ebc1395",8466,NA
"5a5afc08b09efd35deccad142c167ebc1396",8472,NA
"5a5afc08b09efd35deccad142c167ebc1397",8478,NA
"5a5afc08b09efd35deccad142c167ebc1398",8484,NA
"5a5afc08b09efd35deccad142c167ebc1399",8490,NA
"5a5afc08b09efd35deccad142c167ebc1400",8496,NA
"5a5afc08b09efd35deccad142c167ebc1401",8502,NA
"5a5afc08b09efd35deccad142c167ebc1402",8508,NA
"5a5afc08b09efd35deccad142c167ebc1403",8514,NA
"5a5afc08b09efd35deccad142c167ebc1404",8520,NA
"5a5afc08b09efd35deccad142c167ebc1405",8526,NA
"5a5afc08b09efd35deccad142c167ebc1406",8532,NA
"5a5afc08b09efd35deccad142c167ebc1407",8538,NA
"5a5afc08b09efd35deccad142c167ebc1408",8544,NA
"5a5afc08b09efd35deccad142c167ebc1409",8550,NA
"5a5afc08b09efd35deccad142c167ebc1410",8556,NA
"5a5afc08b09efd35deccad142c167ebc1411",8562,NA
"5a5afc08b09efd35deccad142c167ebc1412",8568,NA
"5a5afc08b09efd35deccad142c167ebc1413",8574,NA
"5a5afc08b09efd35deccad142c167ebc1414",8580,NA
"5a5afc08b09efd35deccad142c167ebc1415",8586,NA
"5a5afc08b09efd35deccad142c167ebc1416",8592,NA
"5a5afc08b09efd35deccad142c167ebc1417",8598,NA
"5a5afc08b09efd35deccad142c167ebc1418",8604,NA
"5a5afc08b09efd35deccad142c167ebc1419",8610,NA
"5a5afc08b09efd35deccad142c167ebc1420",8616,NA
"5a5afc08b09efd35deccad142c167ebc1421",8622,NA
"5a5afc08b09efd35deccad142c167ebc1422",8628,NA
"5a5afc08b09efd35deccad142c167ebc1423",8634,NA
"5a5afc08b09efd35deccad142c167ebc1424",8640,NA
"5a5afc08b09efd35deccad142c167ebc1425",8646,NA
"5a5afc08b09efd35deccad142c167ebc1426",8652,NA
"5a5afc08b09efd35deccad142c167ebc1427",8658,NA
"5a5afc08b09efd35deccad142c167ebc1428",8664,NA
"5a5afc08b09efd35deccad142c167ebc1429",8670,NA
"5a5afc08b09efd35deccad142c167ebc1430",8676,NA
"5a5afc08b09efd35deccad142c167ebc1431",8682,NA
"5a5afc08b09efd35deccad142c167ebc1432",8688,NA
"5a5afc08b09efd35deccad142c167ebc1433",8694,NA
"5a5afc08b09efd35deccad142c167ebc1434",8700,NA
"5a5afc08b09efd35deccad142c167ebc1435",8706,NA
"5a5afc08b09efd35deccad142c167ebc1436",8712,NA
"5a5afc08b09efd35deccad142c167ebc1437",8718,NA
"5a5afc08b09efd35deccad142c167ebc1438",8724,NA
"5a5afc08b09efd35deccad142c167ebc1439",8730,NA
"5a5afc08b09efd35deccad142c167ebc1440",8736,NA
"5a5afc08b09efd35deccad142c167ebc1441",8742,NA
"5a5afc08b09efd35deccad142c167ebc1442",8748,NA
"5a5afc08b09efd35deccad142c167ebc1443",8754,NA
"5a5afc08b09efd35deccad142c167ebc1444",8760,NA
"5a5afc08b09efd35deccad142c167ebc1445",8766,NA
"5a5afc08b09efd35deccad142c167ebc1446",8772,NA
"5a5afc08b09efd35deccad142c167ebc1447",8778,NA
"5a5afc08b09efd35deccad142c167ebc1448",8784,NA
"5a5afc08b09efd35deccad142c167ebc1449",8790,NA
"5a5afc08b09efd35deccad142c167ebc1450",8796,NA
"5a5afc08b09efd35deccad142c167ebc1451",8802,NA
"5a5afc08b09efd35deccad142c167ebc1452",8808,NA
"5a5afc08b09efd35deccad142c167ebc1453",8814,NA
"5a5afc08b09efd35deccad142c167ebc1454",8820,NA
"5a5afc08b09efd35deccad142c167ebc1455",8826,NA
"5a5afc08b09efd35deccad142c167ebc1456",8832,NA
"5a5afc08b09efd35deccad142c167ebc1457",8838,NA
"5a5afc08b09efd35deccad142c167ebc1458",8844,NA
"5a5afc08b09efd35deccad142c167ebc1459",8850,NA
"5a5afc08b09efd35deccad142c167ebc1460",8856,NA
"5a5afc08b09efd35deccad142c167ebc1461",8862,NA
"5a5afc08b09efd35deccad142c167ebc1462",8868,NA
"5a5afc08b09efd35deccad142c167ebc1463",8874,NA
"5a5afc08b09efd35deccad142c167ebc1464",8880,NA
"5a5afc08b09efd35deccad142c167ebc1465",8886,NA
"5a5afc08b09efd35deccad142c167ebc1466",8892,NA
"5a5afc08b09efd35deccad142c167ebc1467",8898,NA
"5a5afc08b09efd35deccad142c167ebc1468",8904,NA
"5a5afc08b09efd35deccad142c167ebc1469",8910,NA
"5a5afc08b09efd35deccad142c167ebc1470",8916,NA
"5a5afc08b09efd35deccad142c167ebc1471",8922,NA
"5a5afc08b09efd35deccad142c167ebc1472",8928,NA
"5a5afc08b09efd35deccad142c167ebc1473",8934,NA
"5a5afc08b09efd35deccad142c167ebc1474",8940,NA
"5a5afc08b09efd35deccad142c167ebc1475",8946,NA
"5a5afc08b09efd35deccad142c167ebc1476",8952,NA
"5a5afc08b09efd35deccad142c167ebc1477",8958,NA
"5a5afc08b09efd35deccad142c167ebc1478",8964,NA
"5a5afc08b09efd35deccad142c167ebc1479",8970,NA
"5a5afc08b09efd35deccad142c167ebc1480",8976,NA
"5a5afc08b09efd35deccad142c167ebc1481",8982,NA
"5a5afc08b09efd35deccad142c167ebc1482",8988,NA
"5a5afc08b09efd35deccad142c167ebc1483",8994,NA
"5a5afc08b09efd35deccad142c167ebc1484",9000,NA
"5a5afc08b09efd35deccad142c167ebc1485",9006,NA
"5a5afc08b09efd35deccad142c167ebc1486",9012,NA
"5a5afc08b09efd35deccad142c167ebc1487",9018,NA
"5a5afc08b09efd35deccad142c167ebc1488",9024,NA
"5a5afc08b09efd35deccad142c167ebc1489",9030,NA
"5a5afc08b09efd35deccad142c167ebc1490",9036,NA
"5a5afc08b09efd35deccad142c167ebc1491",9042,NA
"5a5afc08b09efd35deccad142c167ebc1492",9048,NA
"5a5afc08b09efd35deccad142c167ebc1493",9054,NA
"5a5afc08b09efd35deccad142c167ebc1494",9060,NA
"5a5afc08b09efd35deccad142c167ebc1495",9066,NA
"5a5afc08b09efd35deccad142c167ebc1496",9072,NA
"5a5afc08b09efd35deccad142c167ebc1497",9078,NA
"5a5afc08b09efd35deccad142c167ebc1498",9084,NA
"5a5afc08b09efd35deccad142c167ebc1499",9090,NA
"5a5afc08b09efd35deccad142c167ebc1500",9096,NA
"5a5afc08b09efd35deccad142c167ebc1501",9102,NA
"5a5afc08b09efd35deccad142c167ebc1502",9108,NA
"5a5afc08b09efd35deccad142c167ebc1503",9114,NA
"5a5afc08b09efd35deccad142c167ebc1504",9120,NA
"5a5afc08b09efd35deccad142c167ebc1505",9126,NA
"5a5afc08b09efd35deccad142c167ebc1506",9132,NA
"5a5afc08b09efd35deccad142c167ebc1507",9138,NA
"5a5afc08b09efd35deccad142c167ebc1508",9144,NA
"5a5afc08b09efd35deccad142c167ebc1509",9150,NA
"5a5afc08b09efd35deccad142c167ebc1510",9156,NA
"5a5afc08b09efd35deccad142c167ebc1511",9162,NA
"5a5afc08b09efd35deccad142c167ebc1512",9168,NA
"5a5afc08b09efd35deccad142c167ebc1513",9174,NA
"5a5afc08b09efd35deccad142c167ebc1514",9180,NA
"5a5afc08b09efd35deccad142c167ebc1515",9186,NA
"5a5afc08b09efd35deccad142c167ebc1516",9192,NA
"5a5afc08b09efd35deccad142c167ebc1517",9198,NA
"5a5afc08b09efd35deccad142c167ebc1518",9204,NA
"5a5afc08b09efd35deccad142c167ebc1519",9210,NA
"5a5afc08b09efd35deccad142c167ebc1520",9216,NA
"5a5afc08b09efd35deccad142c167ebc1521",9222,NA
"5a5afc08b09efd35deccad142c167ebc1522",9228,NA
"5a5afc08b09efd35deccad142c167ebc1523",9234,NA
"5a5afc08b09efd35deccad142c167ebc1524",9240,NA
"5a5afc08b09efd35deccad142c167ebc1525",9246,NA
"5a5afc08b09efd35deccad142c167ebc1526",9252,NA
"5a5afc08b09efd35deccad142c167ebc1527",9258,NA
"5a5afc08b09efd35deccad142c167ebc1528",9264,NA
"5a5afc08b09efd35deccad142c167ebc1529",9270,NA
"5a5afc08b09efd35deccad142c167ebc1530",9276,NA
"5a5afc08b09efd35deccad142c167ebc1531",9282,NA
"5a5afc08b09efd35deccad142c167ebc1532",9288,NA
"5a5afc08b09efd35deccad142c167ebc1533",9294,NA
"5a5afc08b09efd35deccad142c167ebc1534",9300,NA
"5a5afc08b09efd35deccad142c167ebc1535",9306,NA
"5a5afc08b09efd35deccad142c167ebc1536",9312,NA
"5a5afc08b09efd35deccad142c167ebc1537",9318,NA
"5a5afc08b09efd35deccad142c167ebc1538",9324,NA
"5a5afc08b09efd35deccad142c167ebc1539",9330,NA
"5a5afc08b09efd35deccad142c167ebc1540",9336,NA
"5a5afc08b09efd35deccad142c167ebc1541",9342,NA
"5a5afc08b09efd35deccad142c167ebc1542",9348,NA
"5a5afc08b09efd35deccad142c167ebc1543",9354,NA
"5a5afc08b09efd35deccad142c167ebc1544",9360,NA
"5a5afc08b09efd35deccad142c167ebc1545",9366,NA
"5a5afc08b09efd35deccad142c167ebc1546",9372,NA
"5a5afc08b09efd35deccad142c167ebc1547",9378,NA
"5a5afc08b09efd35deccad142c167ebc1548",9384,NA
"5a5afc08b09efd35deccad142c167ebc1549",9390,NA
"5a5afc08b09efd35deccad142c167ebc1550",9396,NA
"5a5afc08b09efd35deccad142c167ebc1551",9402,NA
"5a5afc08b09efd35deccad142c167ebc1552",9408,NA
"5a5afc08b09efd35deccad142c167ebc1553",9414,NA
"5a5afc08b09efd35deccad142c167ebc1554",9420,NA
"5a5afc08b09efd35deccad142c167ebc1555",9426,NA
"5a5afc08b09efd35deccad142c167ebc1556",9432,NA
"5a5afc08b09efd35deccad142c167ebc1557",9438,NA
"5a5afc08b09efd35deccad142c167ebc1558",9444,NA
"5a5afc08b09efd35deccad142c167ebc1559",9450,NA
"5a5afc08b09efd35deccad142c167ebc1560",9456,NA
"5a5afc08b09efd35deccad142c167ebc1561",9462,NA
"5a5afc08b09efd35deccad142c167ebc1562",9468,NA
"5a5afc08b09efd35deccad142c167ebc1563",9474,NA
"5a5afc08b09efd35deccad142c167ebc1564",9480,NA
"5a5afc08b09efd35deccad142c167ebc1565",9486,NA
"5a5afc08b09efd35deccad142c167ebc1566",9492,NA
"5a5afc08b09efd35deccad142c167ebc1567",9498,NA
"5a5afc08b09efd35deccad142c167ebc1568",9504,NA
"5a5afc08b09efd35deccad142c167ebc1569",9510,NA
"5a5afc08b09efd35deccad142c167ebc1570",9516,NA
"5a5afc08b09efd35deccad142c167ebc1571",9522,NA
"5a5afc08b09efd35deccad142c167ebc1572",9528,NA
"5a5afc08b09efd35deccad142c167ebc1573",9534,NA
"5a5afc08b09efd35deccad142c167ebc1574",9540,NA
"5a5afc08b09efd35deccad142c167ebc1575",9546,NA
"5a5afc08b09efd35deccad142c167ebc1576",9552,NA
"5a5afc08b09efd35deccad142c167ebc1577",9558,NA
"5a5afc08b09efd35deccad142c167ebc1578",9564,NA
"5a5afc08b09efd35deccad142c167ebc1579",9570,NA
"5a5afc08b09efd35deccad142c167ebc1580",9576,NA
"5a5afc08b09efd35deccad142c167ebc1581",9582,NA
"5a5afc08b09efd35deccad142c167ebc1582",9588,NA
"5a5afc08b09efd35deccad142c167ebc1583",9594,NA
"5a5afc08b09efd35deccad142c167ebc1584",9600,NA
"5a5afc08b09efd35deccad142c167ebc1585",9606,NA
"5a5afc08b09efd35deccad142c167ebc1586",9612,NA
"5a5afc08b09efd35deccad142c167ebc1587",9618,NA
"5a5afc08b09efd35deccad142c167ebc1588",9624,NA
"5a5afc08b09efd35deccad142c167ebc1589",9630,NA
"5a5afc08b09efd35deccad142c167ebc1590",9636,NA
"5a5afc08b09efd35deccad142c167ebc1591",9642,NA
"5a5afc08b09efd35deccad142c167ebc1592",9648,NA
"5a5afc08b09efd35deccad142c167ebc1593",9654,NA
"5a5afc08b09efd35deccad142c167ebc1594",9660,NA
"5a5afc08b09efd35deccad142c167ebc1595",9666,NA
"5a5afc08b09efd35deccad142c167ebc1596",9672,NA
"5a5afc08b09efd35deccad142c167ebc1597",9678,NA
"5a5afc08b09efd35deccad142c167ebc1598",9684,NA
"5a5afc08b09efd35deccad142c167ebc1599",9690,NA
"5a5afc08b09efd35deccad142c167ebc1600",9696,NA
"5a5afc08b09efd35deccad142c167ebc1601",9702,NA
"5a5afc08b09efd35deccad142c167ebc1602",9708,NA
"5a5afc08b09efd35deccad142c167ebc1603",9714,NA
"5a5afc08b09efd35deccad142c167ebc1604",9720,NA
"5a5afc08b09efd35deccad142c167ebc1605",9726,NA
"5a5afc08b09efd35deccad142c167ebc1606",9732,NA
"5a5afc08b09efd35deccad142c167ebc1607",9738,NA
"5a5afc08b09efd35deccad142c167ebc1608",9744,NA
"5a5afc08b09efd35deccad142c167ebc1609",9750,NA
"5a5afc08b09efd35deccad142c167ebc1610",9756,NA
"5a5afc08b09efd35deccad142c167ebc1611",9762,NA
"5a5afc08b09efd35deccad142c167ebc1612",9768,NA
"5a5afc08b09efd35deccad142c167ebc1613",9774,NA
"5a5afc08b09efd35deccad142c167ebc1614",9780,NA
"5a5afc08b09efd35deccad142c167ebc1615",9786,NA
"5a5afc08b09efd35deccad142c167ebc1616",9792,NA
"5a5afc08b09efd35deccad142c167ebc1617",9798,NA
"5a5afc08b09efd35deccad142c167ebc1618",9804,NA
"5a5afc08b09efd35deccad142c167ebc1619",9810,NA
"5a5afc08b09efd35deccad142c167ebc1620",9816,NA
"5a5afc08b09efd35deccad142c167ebc1621",9822,NA
"5a5afc08b09efd35deccad142c167ebc1622",9828,NA
"5a5afc08b09efd35deccad142c167ebc1623",9834,NA
"5a5afc08b09efd35deccad142c167ebc1624",9840,NA
"5a5afc08b09efd35deccad142c167ebc1625",9846,NA
"5a5afc08b09efd35deccad142c167ebc1626",9852,NA
"5a5afc08b09efd35deccad142c167ebc1627",9858,NA
"5a5afc08b09efd35deccad142c167ebc1628",9864,NA
"5a5afc08b09efd35deccad142c167ebc1629",9870,NA
"5a5afc08b09efd35deccad142c167ebc1630",9876,NA
"5a5afc08b09efd35deccad142c167ebc1631",9882,NA
"5a5afc08b09efd35deccad142c167ebc1632",9888,NA
"5a5afc08b09efd35deccad142c167ebc1633",9894,NA
"5a5afc08b09efd35deccad142c167ebc1634",9900,NA
"5a5afc08b09efd35deccad142c167ebc1635",9906,NA
"5a5afc08b09efd35deccad142c167ebc1636",9912,NA
"5a5afc08b09efd35deccad142c167ebc1637",9918,NA
"5a5afc08b09efd35deccad142c167ebc1638",9924,NA
"5a5afc08b09efd35deccad142c167ebc1639",9930,NA
"5a5afc08b09efd35deccad142c167ebc1640",9936,NA
"5a5afc08b09efd35deccad142c167ebc1641",9942,NA
"5a5afc08b09efd35deccad142c167ebc1642",9948,NA
"5a5afc08b09efd35deccad142c167ebc1643",9954,NA
"5a5afc08b09efd35deccad142c167ebc1644",9960,NA
"5a5afc08b09efd35deccad142c167ebc1645",9966,NA
"5a5afc08b09efd35deccad142c167ebc1646",9972,NA
"5a5afc08b09efd35deccad142c167ebc1647",9978,NA
"5a5afc08b09efd35deccad142c167ebc1648",9984,NA
"5a5afc08b09efd35deccad142c167ebc1649",9990,NA
"5a5afc08b09efd35deccad142c167ebc1650",9996,NA
"5a5afc08b09efd35deccad142c167ebc1651",10002,NA
"5a5afc08b09efd35deccad142c167ebc1652",10008,NA
"5a5afc08b09efd35deccad142c167ebc1653",10014,NA
"5a5afc08b09efd35deccad142c167ebc1654",10020,NA
"5a5afc08b09efd35deccad142c167ebc1655",10026,NA
"5a5afc08b09efd35deccad142c167ebc1656",10032,NA
"5a5afc08b09efd35deccad142c167ebc1657",10038,NA
"5a5afc08b09efd35deccad142c167ebc1658",10044,NA
"5a5afc08b09efd35deccad142c167ebc1659",10050,NA
"5a5afc08b09efd35deccad142c167ebc1660",10056,NA
"5a5afc08b09efd35deccad142c167ebc1661",10062,NA
"5a5afc08b09efd35deccad142c167ebc1662",10068,NA
"5a5afc08b09efd35deccad142c167ebc1663",10074,NA
"5a5afc08b09efd35deccad142c167ebc1664",10080,NA
"5a5afc08b09efd35deccad142c167ebc1665",10086,NA
"5a5afc08b09efd35deccad142c167ebc1666",10092,NA
"5a5afc08b09efd35deccad142c167ebc1667",10098,NA
"5a5afc08b09efd35deccad142c167ebc1668",10104,NA
"5a5afc08b09efd35deccad142c167ebc1669",10110,NA
"5a5afc08b09efd35deccad142c167ebc1670",10116,NA
"5a5afc08b09efd35deccad142c167ebc1671",10122,NA
"5a5afc08b09efd35deccad142c167ebc1672",10128,NA
"5a5afc08b09efd35deccad142c167ebc1673",10134,NA
"5a5afc08b09efd35deccad142c167ebc1674",10140,NA
"5a5afc08b09efd35deccad142c167ebc1675",10146,NA
"5a5afc08b09efd35deccad142c167ebc1676",10152,NA
"5a5afc08b09efd35deccad142c167ebc1677",10158,NA
"5a5afc08b09efd35deccad142c167ebc1678",10164,NA
"5a5afc08b09efd35deccad142c167ebc1679",10170,NA
"5a5afc08b09efd35deccad142c167ebc1680",10176,NA
"5a5afc08b09efd35deccad142c167ebc1681",10182,NA
"5a5afc08b09efd35deccad142c167ebc1682",10188,NA
"5a5afc08b09efd35deccad142c167ebc1683",10194,NA
"5a5afc08b09efd35deccad142c167ebc1684",10200,NA
"5a5afc08b09efd35deccad142c167ebc1685",10206,NA
"5a5afc08b09efd35deccad142c167ebc1686",10212,NA
"5a5afc08b09efd35deccad142c167ebc1687",10218,NA
"5a5afc08b09efd35deccad142c167ebc1688",10224,NA
"5a5afc08b09efd35deccad142c167ebc1689",10230,NA
"5a5afc08b09efd35deccad142c167ebc1690",10236,NA
"5a5afc08b09efd35deccad142c167ebc1691",10242,NA
"5a5afc08b09efd35deccad142c167ebc1692",10248,NA
"5a5afc08b09efd35deccad142c167ebc1693",10254,NA
"5a5afc08b09efd35deccad142c167ebc1694",10260,NA
"5a5afc08b09efd35deccad142c167ebc1695",10266,NA
"5a5afc08b09efd35deccad142c167ebc1696",10272,NA
"5a5afc08b09efd35deccad142c167ebc1697",10278,NA
"5a5afc08b09efd35deccad142c167ebc1698",10284,NA
"5a5afc08b09efd35deccad142c167ebc1699",10290,NA
"5a5afc08b09efd35deccad142c167ebc1700",10296,NA
"5a5afc08b09efd35deccad142c167ebc1701",10302,NA
"5a5afc08b09efd35deccad142c167ebc1702",10308,NA
"5a5afc08b09efd35deccad142c167ebc1703",10314,NA
"5a5afc08b09efd35deccad142c167ebc1704",10320,NA
"5a5afc08b09efd35deccad142c167ebc1705",10326,NA
"5a5afc08b09efd35deccad142c167ebc1706",10332,NA
"5a5afc08b09efd35deccad142c167ebc1707",10338,NA
"5a5afc08b09efd35deccad142c167ebc1708",10344,NA
"5a5afc08b09efd35deccad142c167ebc1709",10350,NA
"5a5afc08b09efd35deccad142c167ebc1710",10356,NA
"5a5afc08b09efd35deccad142c167ebc1711",10362,NA
"5a5afc08b09efd35deccad142c167ebc1712",10368,NA
"5a5afc08b09efd35deccad142c167ebc1713",10374,NA
"5a5afc08b09efd35deccad142c167ebc1714",10380,NA
"5a5afc08b09efd35deccad142c167ebc1715",10386,NA
"5a5afc08b09efd35deccad142c167ebc1716",10392,NA
"5a5afc08b09efd35deccad142c167ebc1717",10398,NA
"5a5afc08b09efd35deccad142c167ebc1718",10404,NA
"5a5afc08b09efd35deccad142c167ebc1719",10410,NA
"5a5afc08b09efd35deccad142c167ebc1720",10416,NA
"5a5afc08b09efd35deccad142c167ebc1721",10422,NA
"5a5afc08b09efd35deccad142c167ebc1722",10428,NA
"5a5afc08b09efd35deccad142c167ebc1723",10434,NA
"5a5afc08b09efd35deccad142c167ebc1724",10440,NA
"5a5afc08b09efd35deccad142c167ebc1725",10446,NA
"5a5afc08b09efd35deccad142c167ebc1726",10452,NA
"5a5afc08b09efd35deccad142c167ebc1727",10458,NA
"5a5afc08b09efd35deccad142c167ebc1728",10464,NA
"5a5afc08b09efd35deccad142c167ebc1729",10470,NA
"5a5afc08b09efd35deccad142c167ebc1730",10476,NA
"5a5afc08b09efd35deccad142c167ebc1731",10482,NA
"5a5afc08b09efd35deccad142c167ebc1732",10488,NA
"5a5afc08b09efd35deccad142c167ebc1733",10494,NA
"5a5afc08b09efd35deccad142c167ebc1734",10500,NA
"5a5afc08b09efd35deccad142c167ebc1735",10506,NA
"5a5afc08b09efd35deccad142c167ebc1736",10512,NA
"5a5afc08b09efd35deccad142c167ebc1737",10518,NA
"5a5afc08b09efd35deccad142c167ebc1738",10524,NA
"5a5afc08b09efd35deccad142c167ebc1739",10530,NA
"5a5afc08b09efd35deccad142c167ebc1740",10536,NA
"5a5afc08b09efd35deccad142c167ebc1741",10542,NA
"5a5afc08b09efd35deccad142c167ebc1742",10548,NA
"5a5afc08b09efd35deccad142c167ebc1743",10554,NA
"5a5afc08b09efd35deccad142c167ebc1744",10560,NA
"5a5afc08b09efd35deccad142c167ebc1745",10566,NA
"5a5afc08b09efd35deccad142c167ebc1746",10572,NA
"5a5afc08b09efd35deccad142c167ebc1747",10578,NA
"5a5afc08b09efd35deccad142c167ebc1748",10584,NA
"5a5afc08b09efd35deccad142c167ebc1749",10590,NA
"5a5afc08b09efd35deccad142c167ebc1750",10596,NA
"5a5afc08b09efd35deccad142c167ebc1751",10602,NA
"5a5afc08b09efd35deccad142c167ebc1752",10608,NA
"5a5afc08b09efd35deccad142c167ebc1753",10614,NA
"5a5afc08b09efd35deccad142c167ebc1754",10620,NA
"5a5afc08b09efd35deccad142c167ebc1755",10626,NA
"5a5afc08b09efd35deccad142c167ebc1756",10632,NA
"5a5afc08b09efd35deccad142c167ebc1757",10638,NA
"5a5afc08b09efd35deccad142c167ebc1758",10644,NA
"5a5afc08b09efd35deccad142c167ebc1759",10650,NA
"5a5afc08b09efd35deccad142c167ebc1760",10656,NA
"5a5afc08b09efd35deccad142c167ebc1761",10662,NA
"5a5afc08b09efd35deccad142c167ebc1762",10668,NA
"5a5afc08b09efd35deccad142c167ebc1763",10674,NA
"5a5afc08b09efd35deccad142c167ebc1764",10680,NA
"5a5afc08b09efd35deccad142c167ebc1765",10686,NA
"5a5afc08b09efd35deccad142c167ebc1766",10692,NA
"5a5afc08b09efd35deccad142c167ebc1767",10698,NA
"5a5afc08b09efd35deccad142c167ebc1768",10704,NA
"5a5afc08b09efd35deccad142c167ebc1769",10710,NA
"5a5afc08b09efd35deccad142c167ebc1770",10716,NA
"5a5afc08b09efd35deccad142c167ebc1771",10722,NA
"5a5afc08b09efd35deccad142c167ebc1772",10728,NA
"5a5afc08b09efd35deccad142c167ebc1773",10734,NA
"5a5afc08b09efd35deccad142c167ebc1774",10740,NA
"5a5afc08b09efd35deccad142c167ebc1775",10746,NA
"5a5afc08b09efd35deccad142c167ebc1776",10752,NA
"5a5afc08b09efd35deccad142c167ebc1777",10758,NA
"5a5afc08b09efd35deccad142c167ebc1778",10764,NA
"5a5afc08b09efd35deccad142c167ebc1779",10770,NA
"5a5afc08b09efd35deccad142c167ebc1780",10776,NA
"5a5afc08b09efd35deccad142c167ebc1781",10782,NA
"5a5afc08b09efd35deccad142c167ebc1782",10788,NA
"5a5afc08b09efd35deccad142c167ebc1783",10794,NA
"5a5afc08b09efd35deccad142c167ebc1784",10800,NA
"5a5afc08b09efd35deccad142c167ebc1785",10806,NA
"5a5afc08b09efd35deccad142c167ebc1786",10812,NA
"5a5afc08b09efd35deccad142c167ebc1787",10818,NA
"5a5afc08b09efd35deccad142c167ebc1788",10824,NA
"5a5afc08b09efd35deccad142c167ebc1789",10830,NA
"5a5afc08b09efd35deccad142c167ebc1790",10836,NA
"5a5afc08b09efd35deccad142c167ebc1791",10842,NA
"5a5afc08b09efd35deccad142c167ebc1792",10848,NA
"5a5afc08b09efd35deccad142c167ebc1793",10854,NA
"5a5afc08b09efd35deccad142c167ebc1794",10860,NA
"5a5afc08b09efd35deccad142c167ebc1795",10866,NA
"5a5afc08b09efd35deccad142c167ebc1796",10872,NA
"5a5afc08b09efd35deccad142c167ebc1797",10878,NA
"5a5afc08b09efd35deccad142c167ebc1798",10884,NA
"5a5afc08b09efd35deccad142c167ebc1799",10890,NA
"5a5afc08b09efd35deccad142c167ebc1800",10896,NA
"5a5afc08b09efd35deccad142c167ebc1801",10902,NA
"5a5afc08b09efd35deccad142c167ebc1802",10908,NA
"5a5afc08b09efd35deccad142c167ebc1803",10914,NA
"5a5afc08b09efd35deccad142c167ebc1804",10920,NA
"5a5afc08b09efd35deccad142c167ebc1805",10926,NA
"5a5afc08b09efd35deccad142c167ebc1806",10932,NA
"5a5afc08b09efd35deccad142c167ebc1807",10938,NA
"5a5afc08b09efd35deccad142c167ebc1808",10944,NA
"5a5afc08b09efd35deccad142c167ebc1809",10950,NA
"5a5afc08b09efd35deccad142c167ebc1810",10956,NA
"5a5afc08b09efd35deccad142c167ebc1811",10962,NA
"5a5afc08b09efd35deccad142c167ebc1812",10968,NA
"5a5afc08b09efd35deccad142c167ebc1813",10974,NA
"5a5afc08b09efd35deccad142c167ebc1814",10980,NA
"5a5afc08b09efd35deccad142c167ebc1815",10986,NA
"5a5afc08b09efd35deccad142c167ebc1816",10992,NA
"5a5afc08b09efd35deccad142c167ebc1817",10998,NA
"5a5afc08b09efd35deccad142c167ebc1818",11004,NA
"5a5afc08b09efd35deccad142c167ebc1819",11010,NA
"5a5afc08b09efd35deccad142c167ebc1820",11016,NA
"5a5afc08b09efd35deccad142c167ebc1821",11022,NA
"5a5afc08b09efd35deccad142c167ebc1822",11028,NA
"5a5afc08b09efd35deccad142c167ebc1823",11034,NA
"5a5afc08b09efd35deccad142c167ebc1824",11040,NA
"5a5afc08b09efd35deccad142c167ebc1825",11046,NA
"5a5afc08b09efd35deccad142c167ebc1826",11052,NA
"5a5afc08b09efd35deccad142c167ebc1827",11058,NA
"5a5afc08b09efd35deccad142c167ebc1828",11064,NA
"5a5afc08b09efd35deccad142c167ebc1829",11070,NA
"5a5afc08b09efd35deccad142c167ebc1830",11076,NA
"5a5afc08b09efd35deccad142c167ebc1831",11082,NA
"5a5afc08b09efd35deccad142c167ebc1832",11088,NA
"5a5afc08b09efd35deccad142c167ebc1833",11094,NA
"5a5afc08b09efd35deccad142c167ebc1834",11100,NA
"5a5afc08b09efd35deccad142c167ebc1835",11106,NA
"5a5afc08b09efd35deccad142c167ebc1836",11112,NA
"5a5afc08b09efd35deccad142c167ebc1837",11118,NA
"5a5afc08b09efd35deccad142c167ebc1838",11124,NA
"5a5afc08b09efd35deccad142c167ebc1839",11130,NA
"5a5afc08b09efd35deccad142c167ebc1840",11136,NA
"5a5afc08b09efd35deccad142c167ebc1841",11142,NA
"5a5afc08b09efd35deccad142c167ebc1842",11148,NA
"5a5afc08b09efd35deccad142c167ebc1843",11154,NA
"5a5afc08b09efd35deccad142c167ebc1844",11160,NA
"5a5afc08b09efd35deccad142c167ebc1845",11166,NA
"5a5afc08b09efd35deccad142c167ebc1846",11172,NA
"5a5afc08b09efd35deccad142c167ebc1847",11178,NA
"5a5afc08b09efd35deccad142c167ebc1848",11184,NA
"5a5afc08b09efd35deccad142c167ebc1849",11190,NA
"5a5afc08b09efd35deccad142c167ebc1850",11196,NA
"5a5afc08b09efd35deccad142c167ebc1851",11202,NA
"5a5afc08b09efd35deccad142c167ebc1852",11208,NA
"5a5afc08b09efd35deccad142c167ebc1853",11214,NA
"5a5afc08b09efd35deccad142c167ebc1854",11220,NA
"5a5afc08b09efd35deccad142c167ebc1855",11226,NA
"5a5afc08b09efd35deccad142c167ebc1856",11232,NA
"5a5afc08b09efd35deccad142c167ebc1857",11238,NA
"5a5afc08b09efd35deccad142c167ebc1858",11244,NA
"5a5afc08b09efd35deccad142c167ebc1859",11250,NA
"5a5afc08b09efd35deccad142c167ebc1860",11256,NA
"5a5afc08b09efd35deccad142c167ebc1861",11262,NA
"5a5afc08b09efd35deccad142c167ebc1862",11268,NA
"5a5afc08b09efd35deccad142c167ebc1863",11274,NA
"5a5afc08b09efd35deccad142c167ebc1864",11280,NA
"5a5afc08b09efd35deccad142c167ebc1865",11286,NA
"5a5afc08b09efd35deccad142c167ebc1866",11292,NA
"5a5afc08b09efd35deccad142c167ebc1867",11298,NA
"5a5afc08b09efd35deccad142c167ebc1868",11304,NA
"5a5afc08b09efd35deccad142c167ebc1869",11310,NA
"5a5afc08b09efd35deccad142c167ebc1870",11316,NA
"5a5afc08b09efd35deccad142c167ebc1871",11322,NA
"5a5afc08b09efd35deccad142c167ebc1872",11328,NA
"5a5afc08b09efd35deccad142c167ebc1873",11334,NA
"5a5afc08b09efd35deccad142c167ebc1874",11340,NA
"5a5afc08b09efd35deccad142c167ebc1875",11346,NA
"5a5afc08b09efd35deccad142c167ebc1876",11352,NA
"5a5afc08b09efd35deccad142c167ebc1877",11358,NA
"5a5afc08b09efd35deccad142c167ebc1878",11364,NA
"5a5afc08b09efd35deccad142c167ebc1879",11370,NA
"5a5afc08b09efd35deccad142c167ebc1880",11376,NA
"5a5afc08b09efd35deccad142c167ebc1881",11382,NA
"5a5afc08b09efd35deccad142c167ebc1882",11388,NA
"5a5afc08b09efd35deccad142c167ebc1883",11394,NA
"5a5afc08b09efd35deccad142c167ebc1884",11400,NA
"5a5afc08b09efd35deccad142c167ebc1885",11406,NA
"5a5afc08b09efd35deccad142c167ebc1886",11412,NA
"5a5afc08b09efd35deccad142c167ebc1887",11418,NA
"5a5afc08b09efd35deccad142c167ebc1888",11424,NA
"5a5afc08b09efd35deccad142c167ebc1889",11430,NA
"5a5afc08b09efd35deccad142c167ebc1890",11436,NA
"5a5afc08b09efd35deccad142c167ebc1891",11442,NA
"5a5afc08b09efd35deccad142c167ebc1892",11448,NA
"5a5afc08b09efd35deccad142c167ebc1893",11454,NA
"5a5afc08b09efd35deccad142c167ebc1894",11460,NA
"5a5afc08b09efd35deccad142c167ebc1895",11466,NA
"5a5afc08b09efd35deccad142c167ebc1896",11472,NA
"5a5afc08b09efd35deccad142c167ebc1897",11478,NA
"5a5afc08b09efd35deccad142c167ebc1898",11484,NA
"5a5afc08b09efd35deccad142c167ebc1899",11490,NA
"5a5afc08b09efd35deccad142c167ebc1900",11496,NA
"5a5afc08b09efd35deccad142c167ebc1901",11502,NA
"5a5afc08b09efd35deccad142c167ebc1902",11508,NA
"5a5afc08b09efd35deccad142c167ebc1903",11514,NA
"5a5afc08b09efd35deccad142c167ebc1904",11520,NA
"5a5afc08b09efd35deccad142c167ebc1905",11526,NA
"5a5afc08b09efd35deccad142c167ebc1906",11532,NA
"5a5afc08b09efd35deccad142c167ebc1907",11538,NA
"5a5afc08b09efd35deccad142c167ebc1908",11544,NA
"5a5afc08b09efd35deccad142c167ebc1909",11550,NA
"5a5afc08b09efd35deccad142c167ebc1910",11556,NA
"5a5afc08b09efd35deccad142c167ebc1911",11562,NA
"5a5afc08b09efd35deccad142c167ebc1912",11568,NA
"5a5afc08b09efd35deccad142c167ebc1913",11574,NA
"5a5afc08b09efd35deccad142c167ebc1914",11580,NA
"5a5afc08b09efd35deccad142c167ebc1915",11586,NA
"5a5afc08b09efd35deccad142c167ebc1916",11592,NA
"5a5afc08b09efd35deccad142c167ebc1917",11598,NA
"5a5afc08b09efd35deccad142c167ebc1918",11604,NA
"5a5afc08b09efd35deccad142c167ebc1919",11610,NA
"5a5afc08b09efd35deccad142c167ebc1920",11616,NA
"5a5afc08b09efd35deccad142c167ebc1921",11622,NA
"5a5afc08b09efd35deccad142c167ebc1922",11628,NA
"5a5afc08b09efd35deccad142c167ebc1923",11634,NA
"5a5afc08b09efd35deccad142c167ebc1924",11640,NA
"5a5afc08b09efd35deccad142c167ebc1925",11646,NA
"5a5afc08b09efd35deccad142c167ebc1926",11652,NA
"5a5afc08b09efd35deccad142c167ebc1927",11658,NA
"5a5afc08b09efd35deccad142c167ebc1928",11664,NA
"5a5afc08b09efd35deccad142c167ebc1929",11670,NA
"5a5afc08b09efd35deccad142c167ebc1930",11676,NA
"5a5afc08b09efd35deccad142c167ebc1931",11682,NA
"5a5afc08b09efd35deccad142c167ebc1932",11688,NA
"5a5afc08b09efd35deccad142c167ebc1933",11694,NA
"5a5afc08b09efd35deccad142c167ebc1934",11700,NA
"5a5afc08b09efd35deccad142c167ebc1935",11706,NA
"5a5afc08b09efd35deccad142c167ebc1936",11712,NA
"5a5afc08b09efd35deccad142c167ebc1937",11718,NA
"5a5afc08b09efd35deccad142c167ebc1938",11724,NA
"5a5afc08b09efd35deccad142c167ebc1939",11730,NA
"5a5afc08b09efd35deccad142c167ebc1940",11736,NA
"5a5afc08b09efd35deccad142c167ebc1941",11742,NA
"5a5afc08b09efd35deccad142c167ebc1942",11748,NA
"5a5afc08b09efd35deccad142c167ebc1943",11754,NA
"5a5afc08b09efd35deccad142c167ebc1944",11760,NA
"5a5afc08b09efd35deccad142c167ebc1945",11766,NA
"5a5afc08b09efd35deccad142c167ebc1946",11772,NA
"5a5afc08b09efd35deccad142c167ebc1947",11778,NA
"5a5afc08b09efd35deccad142c167ebc1948",11784,NA
"5a5afc08b09efd35deccad142c167ebc1949",11790,NA
"5a5afc08b09efd35deccad142c167ebc1950",11796,NA
"5a5afc08b09efd35deccad142c167ebc1951",11802,NA
"5a5afc08b09efd35deccad142c167ebc1952",11808,NA
"5a5afc08b09efd35deccad142c167ebc1953",11814,NA
"5a5afc08b09efd35deccad142c167ebc1954",11820,NA
"5a5afc08b09efd35deccad142c167ebc1955",11826,NA
"5a5afc08b09efd35deccad142c167ebc1956",11832,NA
"5a5afc08b09efd35deccad142c167ebc1957",11838,NA
"5a5afc08b09efd35deccad142c167ebc1958",11844,NA
"5a5afc08b09efd35deccad142c167ebc1959",11850,NA
"5a5afc08b09efd35deccad142c167ebc1960",11856,NA
"5a5afc08b09efd35deccad142c167ebc1961",11862,NA
"5a5afc08b09efd35deccad142c167ebc1962",11868,NA
"5a5afc08b09efd35deccad142c167ebc1963",11874,NA
"5a5afc08b09efd35deccad142c167ebc1964",11880,NA
"5a5afc08b09efd35deccad142c167ebc1965",11886,NA
"5a5afc08b09efd35deccad142c167ebc1966",11892,NA
"5a5afc08b09efd35deccad142c167ebc1967",11898,NA
"5a5afc08b09efd35deccad142c167ebc1968",11904,NA
"5a5afc08b09efd35deccad142c167ebc1969",11910,NA
"5a5afc08b09efd35deccad142c167ebc1970",11916,NA
"5a5afc08b09efd35deccad142c167ebc1971",11922,NA
"5a5afc08b09efd35deccad142c167ebc1972",11928,NA
"5a5afc08b09efd35deccad142c167ebc1973",11934,NA
"5a5afc08b09efd35deccad142c167ebc1974",11940,NA
"5a5afc08b09efd35deccad142c167ebc1975",11946,NA
"5a5afc08b09efd35deccad142c167ebc1976",11952,NA
"5a5afc08b09efd35deccad142c167ebc1977",11958,NA
"5a5afc08b09efd35deccad142c167ebc1978",11964,NA
"5a5afc08b09efd35deccad142c167ebc1979",11970,NA
"5a5afc08b09efd35deccad142c167ebc1980",11976,NA
"5a5afc08b09efd35deccad142c167ebc1981",11982,NA
"5a5afc08b09efd35deccad142c167ebc1982",11988,NA
"5a5afc08b09efd35deccad142c167ebc1983",11994,NA
