,wavenumber,spectra_raw,spectra_proc,spectra_match
spectra1,402,0.530789219,0.145200618,0
spectra2,408,0.393745137,0.067144251,0
spectra3,414,0.327814313,0.018770761,0
spectra4,420,0.37900001,0.005893622,0
spectra5,426,0.399000127,0.012822667,0
spectra6,432,0.346263685,0.007990144,0
spectra7,438,0.31457221,0.006517556,0
spectra8,444,0.295494727,0.004147839,0
spectra9,450,0.271665503,0.000831973,0
spectra10,456,0.289301816,0.005026366,0
spectra11,462,0.285089262,0.001985537,0
spectra12,468,0.283964813,0.001289352,0
spectra13,474,0.307506793,0.004256202,0
spectra14,480,0.298067338,0.007702685,0.007
spectra15,486,0.31498201,0.01245619,0.019
spectra16,492,0.316490278,0.016863513,0.017
spectra17,498,0.302428481,0.021805961,0.01
spectra18,504,0.305084255,0.027126807,0.004
spectra19,510,0.306976967,0.032970705,0.006
spectra20,516,0.304486726,0.039251791,0.01
spectra21,522,0.311450135,0.049680206,0.015
spectra22,528,0.317162285,0.065661057,0.016
spectra23,534,0.325726063,0.080139987,0.033
spectra24,540,0.33527891,0.094553576,0.053
spectra25,546,0.345490933,0.108462909,0.062
spectra26,552,0.356354148,0.122194822,0.075
spectra27,558,0.355411981,0.137502823,0.088
spectra28,564,0.36595826,0.156017915,0.111
spectra29,570,0.383494211,0.176200682,0.147
spectra30,576,0.412049549,0.201896312,0.188
spectra31,582,0.444147433,0.265354625,0.252
spectra32,588,0.49159696,0.382151012,0.341
spectra33,594,0.555746836,0.523611068,0.47
spectra34,600,0.679869933,0.659604746,0.71
spectra35,606,0.877209144,0.767744796,0.958
spectra36,612,0.964131872,0.838265245,1
spectra37,618,0.895350961,0.861373714,0.906
spectra38,624,0.805505914,0.834621677,0.79
spectra39,630,0.74067727,0.7555957,0.726
spectra40,636,0.699753901,0.637237144,0.697
spectra41,642,0.647907408,0.525192921,0.608
spectra42,648,0.589024604,0.440621351,0.491
spectra43,654,0.509759694,0.377014007,0.359
spectra44,660,0.438955392,0.332194861,0.256
spectra45,666,0.431380407,0.307703322,0.241
spectra46,672,0.462529976,0.306415826,0.296
spectra47,678,0.496246367,0.318986044,0.346
spectra48,684,0.505878025,0.331315617,0.356
spectra49,690,0.498296308,0.338060103,0.342
spectra50,696,0.476949985,0.314125856,0.309
spectra51,702,0.433050497,0.262021876,0.241
spectra52,708,0.38656555,0.1974705,0.148
spectra53,714,0.366302595,0.133742933,0.063
spectra54,720,0.282058638,0.077830635,0.004
spectra55,726,0.249393184,0.034764804,0
spectra56,732,0.227477725,0.007275167,0
spectra57,738,0.207393305,0.007682304,0
spectra58,744,0.202677295,0.012722643,0
spectra59,750,0.197892017,0.003983478,0
spectra60,756,0.195093209,0.000134339,0
spectra61,762,0.19206092,0,0
spectra62,768,0.188298427,0,0
spectra63,774,0.185483587,0,0
spectra64,780,0.182182808,0,0
spectra65,786,0.179592158,0,0
spectra66,792,0.180263399,0,0
spectra67,798,0.182709943,0,0
spectra68,804,0.186254346,0.001446281,0
spectra69,810,0.190462483,0.000659899,0
spectra70,816,0.202726518,0.00076853,0
spectra71,822,0.22517568,0.0035607,0
spectra72,828,0.259848916,0.005468611,0.004
spectra73,834,0.277088416,0.006201744,0.032
spectra74,840,0.274355381,0.00218559,0.027
spectra75,846,0.277268122,0.02488653,0.02
spectra76,852,0.274022874,0.032705342,0.016
spectra77,858,0.281928222,0.107771722,0.015
spectra78,864,0.299252446,0.158519023,0.017
spectra79,870,0.401689152,0.188547766,0.021
spectra80,876,0.667389062,0.194264333,0.024
spectra81,882,0.413784964,0.178120121,0.025
spectra82,888,0.264909049,0.141607365,0.028
spectra83,894,0.265514231,0.090535121,0.035
spectra84,900,0.274278215,0.02953081,0.047
spectra85,906,0.288736027,0.013968928,0.068
spectra86,912,0.310311394,0.028787155,0.1
spectra87,918,0.331732541,0.064507163,0.135
spectra88,924,0.343121314,0.084661437,0.156
spectra89,930,0.351004938,0.104319619,0.168
spectra90,936,0.362166866,0.124313629,0.186
spectra91,942,0.379180754,0.150349466,0.217
spectra92,948,0.397982221,0.180692878,0.257
spectra93,954,0.419333156,0.206417053,0.304
spectra94,960,0.446158161,0.217428286,0.335
spectra95,966,0.461098645,0.209030118,0.328
spectra96,972,0.433266266,0.181144578,0.276
spectra97,978,0.377684746,0.140117862,0.195
spectra98,984,0.327841677,0.092679617,0.121
spectra99,990,0.297131627,0.046698166,0.072
spectra100,996,0.279264815,0.012044736,0.044
spectra101,1002,0.271984121,0.004692134,0.027
spectra102,1008,0.26789604,0.00764126,0.017
spectra103,1014,0.266762137,0.00500441,0.013
spectra104,1020,0.266950968,0.00187409,0.01
spectra105,1026,0.265493006,0,0.008
spectra106,1032,0.264809074,0.00017151,0.007
spectra107,1038,0.264895706,0.000885345,0.006
spectra108,1044,0.266788415,0.001359558,0.009
spectra109,1050,0.271356482,0.00110457,0.014
spectra110,1056,0.277438492,0.000729506,0.025
spectra111,1062,0.282685873,0.005029812,0.036
spectra112,1068,0.288981278,0.013787018,0.05
spectra113,1074,0.296242317,0.027531178,0.065
spectra114,1080,0.306426653,0.04291672,0.083
spectra115,1086,0.318046392,0.051278167,0.107
spectra116,1092,0.329710769,0.052615522,0.128
spectra117,1098,0.328709649,0.047362322,0.122
spectra118,1104,0.308480345,0.037307501,0.09
spectra119,1110,0.273796423,0.024158974,0.034
spectra120,1116,0.253796992,0.01062003,0
spectra121,1122,0.235664026,0.000179999,0
spectra122,1128,0.213485253,0.004874055,0
spectra123,1134,0.198318892,0.0034281,0
spectra124,1140,0.192935302,0,0
spectra125,1146,0.195661035,0,0
spectra126,1152,0.200931155,0,0
spectra127,1158,0.213554334,0.00341033,0
spectra128,1164,0.23649912,0.005655991,0
spectra129,1170,0.24774407,0.001394913,0
spectra130,1176,0.254417209,0.010156023,0
spectra131,1182,0.270519141,0.025480329,0.019
spectra132,1188,0.299215975,0.039877711,0.066
spectra133,1194,0.325005022,0.047215931,0.111
spectra134,1200,0.329980944,0.051804006,0.13
spectra135,1206,0.31997322,0.065160403,0.124
spectra136,1212,0.311640971,0.093286309,0.116
spectra137,1218,0.319818939,0.134670638,0.129
spectra138,1224,0.379546943,0.190191207,0.227
spectra139,1230,0.462874584,0.256164569,0.376
spectra140,1236,0.520606805,0.323442192,0.466
spectra141,1242,0.544767569,0.372554746,0.512
spectra142,1248,0.541682026,0.383480769,0.518
spectra143,1254,0.523890952,0.349570793,0.504
spectra144,1260,0.484836981,0.283510582,0.414
spectra145,1266,0.407139986,0.204848081,0.28
spectra146,1272,0.326358827,0.13009435,0.157
spectra147,1278,0.281554746,0.070401144,0.083
spectra148,1284,0.262853741,0.032182689,0.047
spectra149,1290,0.265073006,0.019780007,0.043
spectra150,1296,0.285377273,0.035949133,0.067
spectra151,1302,0.306629547,0.073722954,0.096
spectra152,1308,0.327227474,0.121270907,0.127
spectra153,1314,0.352588287,0.164543966,0.166
spectra154,1320,0.389965581,0.188680442,0.223
spectra155,1326,0.41695165,0.193289814,0.264
spectra156,1332,0.40651109,0.184920798,0.256
spectra157,1338,0.355612911,0.165250802,0.18
spectra158,1344,0.307198385,0.136797454,0.082
spectra159,1350,0.303061299,0.106726047,0.059
spectra160,1356,0.309096935,0.087231433,0.057
spectra161,1362,0.304888742,0.084807813,0.036
spectra162,1368,0.307810799,0.097752941,0.015
spectra163,1374,0.324018501,0.121804,0.009
spectra164,1380,0.347742632,0.1477648,0.006
spectra165,1386,0.373268043,0.191795065,0
spectra166,1392,0.417393959,0.269929577,0
spectra167,1398,0.490069873,0.394556754,0
spectra168,1404,0.569012836,0.549264809,0
spectra169,1410,0.716900339,0.720796988,0.059
spectra170,1416,0.875856758,0.867567317,0.187
spectra171,1422,1,0.963456612,0.346
spectra172,1428,0.998635806,1,0.413
spectra173,1434,0.9552408,0.974193871,0.34
spectra174,1440,0.817781885,0.89208976,0.173
spectra175,1446,0.734646274,0.780914752,0.024
spectra176,1452,0.682502657,0.66555174,0
spectra177,1458,0.623628833,0.569202247,0
spectra178,1464,0.582944553,0.487870997,0
spectra179,1470,0.529123019,0.423467061,0
spectra180,1476,0.464825385,0.354352567,0
spectra181,1482,0.412187271,0.284539358,0
spectra182,1488,0.363192706,0.219866865,0
spectra183,1494,0.323039159,0.158948445,0
spectra184,1500,0.284428055,0.10817014,0
spectra185,1506,0.255200803,0.068594534,0
spectra186,1512,0.230367547,0.038038557,0
spectra187,1518,0.208744866,0.016930438,0
spectra188,1524,0.19406069,0.003757452,0
spectra189,1530,0.182285507,0.002365037,0
spectra190,1536,0.174233689,0.004148879,0
spectra191,1542,0.167729531,0.002933339,0
spectra192,1548,0.160591546,0.000760226,0
spectra193,1554,0.156466798,0,0
spectra194,1560,0.159586443,0,0
spectra195,1566,0.153903693,0,0
spectra196,1572,0.154951542,0,0
spectra197,1578,0.15788031,0,0
spectra198,1584,0.15459282,0,0
spectra199,1590,0.151477918,0,0
spectra200,1596,0.149102341,0,0
spectra201,1602,0.148160835,0,0
spectra202,1608,0.14635623,0,0
spectra203,1614,0.144256864,0,0
spectra204,1620,0.144061042,0,0
spectra205,1626,0.143894233,0,0
spectra206,1632,0.143020304,0,0
spectra207,1638,0.145682465,0,0
spectra208,1644,0.143271272,0,0
spectra209,1650,0.143572322,0,0
spectra210,1656,0.145848529,0,0
spectra211,1662,0.142756622,0,0
spectra212,1668,0.141027216,0,0
spectra213,1674,0.142561358,0,0
spectra214,1680,0.141152077,0,0
spectra215,1686,0.145601596,0,0
spectra216,1692,0.142276853,0,0
spectra217,1698,0.142134249,0,0
spectra218,1704,0.142299652,0,0
spectra219,1710,0.143916305,0,0
spectra220,1716,0.144529605,0,0
spectra221,1722,0.146499463,0,0
spectra222,1728,0.146980959,0,0
spectra223,1734,0.149789641,0,0
spectra224,1740,0.146801606,0,0
spectra225,1746,0.143828897,0,0
spectra226,1752,0.14440266,0,0
spectra227,1758,0.143093226,0,0
spectra228,1764,0.142640154,0,0
spectra229,1770,0.13976162,0,0
spectra230,1776,0.141362671,0,0
spectra231,1782,0.142837147,0,0
spectra232,1788,0.146087176,0,0
spectra233,1794,0.152568117,0,0
spectra234,1800,0.147913521,0,0
spectra235,1806,0.142883842,0,0
spectra236,1812,0.140587711,0,0
spectra237,1818,0.139877504,0,0
spectra238,1824,0.139073546,0,0
spectra239,1830,0.138965618,0,0
spectra240,1836,0.138714637,0,0
spectra241,1842,0.138614249,0,0
spectra242,1848,0.140209209,0,0
spectra243,1854,0.139137347,0,0
spectra244,1860,0.139038679,0,0
spectra245,1866,0.136946734,0,0
spectra246,1872,0.139547221,0,0
spectra247,1878,0.138968003,0,0
spectra248,1884,0.139760936,0,0
spectra249,1890,0.13944924,0,0
spectra250,1896,0.138678582,0,0
spectra251,1902,0.13833207,0,0
spectra252,1908,0.138782107,0,0
spectra253,1914,0.139173491,0,0
spectra254,1920,0.138880104,0,0
spectra255,1926,0.139048495,0,0
spectra256,1932,0.139202695,0,0
spectra257,1938,0.137836074,0,0
spectra258,1944,0.136257917,0,0
spectra259,1950,0.137617163,0,0
spectra260,1956,0.133434205,0,0
spectra261,1962,0.13352915,0,0
spectra262,1968,0.133007274,0,0
spectra263,1974,0.137645118,0,0
spectra264,1980,0.139648964,0,0
spectra265,1986,0.134676193,0,0
spectra266,1992,0.135648869,0,0
spectra267,1998,0.135312329,0,0
spectra268,2004,0.134599557,0,0
spectra269,2010,0.137474834,0,0
spectra270,2016,0.136947422,0,0
spectra271,2022,0.13701428,0,0
spectra272,2028,0.132475759,0,0
spectra273,2034,0.132658933,0,0
spectra274,2040,0.135254919,0,0.004
spectra275,2046,0.137434927,0,0.005
spectra276,2052,0.141182651,0,0.015
spectra277,2058,0.141864138,0,0.002
spectra278,2064,0.140126872,0,0.001
spectra279,2070,0.139755465,0,0.007
spectra280,2076,0.143798558,0,0.009
spectra281,2082,0.141574391,0,0.009
spectra282,2088,0.141783107,0,0.004
spectra283,2094,0.139732829,0,0
spectra284,2100,0.143745446,0,0.006
spectra285,2106,0.141613766,0,0.007
spectra286,2112,0.143661863,0,0.006
spectra287,2118,0.139585224,0,0.002
spectra288,2124,0.137260106,0,0
spectra289,2130,0.135946781,0,0
spectra290,2136,0.133405712,0,0
spectra291,2142,0.134720405,0,0
spectra292,2148,0.131451511,0,0
spectra293,2154,0.129496812,0,0
spectra294,2160,0.137478391,0,0
spectra295,2166,0.141998052,0,0.022
spectra296,2172,0.14183623,0,0.001
spectra297,2178,0.140076282,0,0
spectra298,2184,0.145757646,0,0.004
spectra299,2190,0.142242434,0,0.001
spectra300,2196,0.139356288,0,0
spectra301,2202,0.142676015,0,0
spectra302,2208,0.142583047,0,0
spectra303,2214,0.140512365,0,0
spectra304,2220,0.144277181,0,0
spectra305,2226,0.145928207,0,0
spectra306,2232,0.14264697,0,0
spectra307,2238,0.141370194,0,0
spectra308,2244,0.145013011,0,0
spectra309,2250,0.143787742,0,0
spectra310,2256,0.146347185,0,0
spectra311,2262,0.145629425,0,0
spectra312,2268,0.14693728,0,0
spectra313,2274,0.146815217,0,0
spectra314,2280,0.149135201,0,0
spectra315,2286,0.149401723,0,0.003
spectra316,2292,0.148264894,0,0
spectra317,2298,0.14780937,0,0
spectra318,2304,0.147719631,0,0
spectra319,2310,0.148071922,0,0
spectra320,2316,0.148557503,0,0
spectra321,2322,0.149720161,0,0.005
spectra322,2328,0.146123621,0,0
spectra323,2334,0.144092604,0,0
spectra324,2340,0.144872456,0,0
spectra325,2346,0.143943305,0,0
spectra326,2352,0.143684372,0,0
spectra327,2358,0.144494522,0,0
spectra328,2364,0.14598108,0,0
spectra329,2370,0.144412623,0,0
spectra330,2376,0.144537348,0,0
spectra331,2382,0.144656985,0,0
spectra332,2388,0.145271575,0,0
spectra333,2394,0.144293168,0,0
spectra334,2400,0.14442645,0,0
spectra335,2406,0.145394076,0,0
spectra336,2412,0.145435625,0,0
spectra337,2418,0.145517873,0,0
spectra338,2424,0.145806206,0,0
spectra339,2430,0.145737983,0,0
spectra340,2436,0.145976583,0,0
spectra341,2442,0.14668794,0,0
spectra342,2448,0.146880696,0,0
spectra343,2454,0.146840221,0,0
spectra344,2460,0.146335107,0,0
spectra345,2466,0.14655792,0,0
spectra346,2472,0.146746276,0,0
spectra347,2478,0.147041337,0,0
spectra348,2484,0.147429837,0,0
spectra349,2490,0.148224393,0,0
spectra350,2496,0.14893548,0,0
spectra351,2502,0.150983148,0,0
spectra352,2508,0.151787889,0,0
spectra353,2514,0.152315849,0,0
spectra354,2520,0.152100268,0,0
spectra355,2526,0.15100888,0,0
spectra356,2532,0.149983846,0,0
spectra357,2538,0.148746674,0,0
spectra358,2544,0.148874511,0,0
spectra359,2550,0.149561716,0,0
spectra360,2556,0.149483016,0,0
spectra361,2562,0.148223671,0,0
spectra362,2568,0.149027373,0,0
spectra363,2574,0.148979198,0,0
spectra364,2580,0.148974956,0,0
spectra365,2586,0.149502956,0,0
spectra366,2592,0.148747116,0,0
spectra367,2598,0.149192904,0,0
spectra368,2604,0.149438871,0,0
spectra369,2610,0.149609658,0,0
spectra370,2616,0.149139782,0,0
spectra371,2622,0.149457752,0,0
spectra372,2628,0.149461066,0,0
spectra373,2634,0.149160782,0,0
spectra374,2640,0.14927828,0,0
spectra375,2646,0.14898377,0,0
spectra376,2652,0.1486295,0,0
spectra377,2658,0.148607364,0,0
spectra378,2664,0.147573389,0,0
spectra379,2670,0.147256668,0,0
spectra380,2676,0.147839935,0,0
spectra381,2682,0.147573913,0,0
spectra382,2688,0.147761079,0,0
spectra383,2694,0.14730326,0,0
spectra384,2700,0.148108331,0,0
spectra385,2706,0.147792532,0,0
spectra386,2712,0.148355199,0,0
spectra387,2718,0.1484541,0,0
spectra388,2724,0.149075317,0,0
spectra389,2730,0.149626731,0,0
spectra390,2736,0.149341764,0,0
spectra391,2742,0.149534154,0,0
spectra392,2748,0.149528627,0,0
spectra393,2754,0.149277732,0,0
spectra394,2760,0.149076343,0,0
spectra395,2766,0.149109938,0,0
spectra396,2772,0.149734376,0,0
spectra397,2778,0.150049661,0,0
spectra398,2784,0.151236042,0,0
spectra399,2790,0.152028988,0,0
spectra400,2796,0.153488232,0,0
spectra401,2802,0.155287119,0,0
spectra402,2808,0.158630557,0.000361985,0
spectra403,2814,0.162515767,0.00228195,0
spectra404,2820,0.162245394,0.004030944,0
spectra405,2826,0.161415899,0.003107525,0
spectra406,2832,0.164261476,0.011682688,0
spectra407,2838,0.173048629,0.018244609,0
spectra408,2844,0.190239499,0.02213624,0
spectra409,2850,0.213306401,0.023177101,0
spectra410,2856,0.184687471,0.021155855,0
spectra411,2862,0.172417418,0.016340888,0
spectra412,2868,0.170440066,0.008622879,0
spectra413,2874,0.170977399,0.001592087,0
spectra414,2880,0.17359406,0.00474782,0
spectra415,2886,0.180975735,0.023587789,0
spectra416,2892,0.194194357,0.05201836,0.02
spectra417,2898,0.221712825,0.083519983,0.065
spectra418,2904,0.25374768,0.110269589,0.119
spectra419,2910,0.271031799,0.127371221,0.145
spectra420,2916,0.286103048,0.131367392,0.127
spectra421,2922,0.260986509,0.120950007,0.099
spectra422,2928,0.229987219,0.098409204,0.08
spectra423,2934,0.210202157,0.0708536,0.07
spectra424,2940,0.194594944,0.046619545,0.06
spectra425,2946,0.1844004,0.029962961,0.05
spectra426,2952,0.182922567,0.024617501,0.046
spectra427,2958,0.184976364,0.022373531,0.051
spectra428,2964,0.187919004,0.020066728,0.062
spectra429,2970,0.186490396,0.017516243,0.065
spectra430,2976,0.176605398,0.013831717,0.052
spectra431,2982,0.161751095,0.008729063,0.026
spectra432,2988,0.149705447,0.003532653,0.001
spectra433,2994,0.144177708,0.00045091,0
spectra434,3000,0.141861638,0.001992542,0
spectra435,3006,0.14083577,0.001150409,0
spectra436,3012,0.140661861,0,0
spectra437,3018,0.140654572,0,0
spectra438,3024,0.140504592,0,0
spectra439,3030,0.140486434,0,0
spectra440,3036,0.140574931,0,0
spectra441,3042,0.140502232,0,0
spectra442,3048,0.14062671,0,0
spectra443,3054,0.140609304,0,0
spectra444,3060,0.140685604,0,0
spectra445,3066,0.140776212,0,0
spectra446,3072,0.140232071,0,0
spectra447,3078,0.140530158,0,0
spectra448,3084,0.140828703,0,0
spectra449,3090,0.140300816,0,0
spectra450,3096,0.140489832,0,0
spectra451,3102,0.140842449,0,0
spectra452,3108,0.140514101,0,0
spectra453,3114,0.140576717,0,0
spectra454,3120,0.141025624,0,0
spectra455,3126,0.141286712,0,0
spectra456,3132,0.141163865,0,0
spectra457,3138,0.141653634,0,0
spectra458,3144,0.141109051,0,0
spectra459,3150,0.141149673,0,0
spectra460,3156,0.142314365,0,0
spectra461,3162,0.142147438,0,0
spectra462,3168,0.141873568,0,0
spectra463,3174,0.142669124,0,0
spectra464,3180,0.142136813,0,0
spectra465,3186,0.142810928,0,0
spectra466,3192,0.143312608,0,0
spectra467,3198,0.143379723,0,0
spectra468,3204,0.143119102,0,0
spectra469,3210,0.143108983,0,0
spectra470,3216,0.143800594,0,0
spectra471,3222,0.143747723,0,0
spectra472,3228,0.143250854,0,0
spectra473,3234,0.143462217,0,0
spectra474,3240,0.144408889,0,0
spectra475,3246,0.144923552,0,0
spectra476,3252,0.144619878,0,0
spectra477,3258,0.144265789,0,0
spectra478,3264,0.144742328,0,0
spectra479,3270,0.144547579,0,0
spectra480,3276,0.14458494,0,0
spectra481,3282,0.144640903,0,0
spectra482,3288,0.145024993,0,0
spectra483,3294,0.145299715,0,0
spectra484,3300,0.145790645,0,0
spectra485,3306,0.145238254,0,0
spectra486,3312,0.145592565,0,0
spectra487,3318,0.145965546,0,0
spectra488,3324,0.145736361,0,0
spectra489,3330,0.14478962,0,0
spectra490,3336,0.145815415,0,0
spectra491,3342,0.146230925,0,0
spectra492,3348,0.145395062,0,0
spectra493,3354,0.146481446,0,0
spectra494,3360,0.145115391,0,0
spectra495,3366,0.145688568,0,0
spectra496,3372,0.146163347,0,0
spectra497,3378,0.145806015,0,0
spectra498,3384,0.145778906,0,0
spectra499,3390,0.145468217,0,0
spectra500,3396,0.145897921,0,0
spectra501,3402,0.145795058,0,0
spectra502,3408,0.145823686,0,0
spectra503,3414,0.145122126,0,0
spectra504,3420,0.145001408,0,0
spectra505,3426,0.146593837,0,0
spectra506,3432,0.144971415,0,0
spectra507,3438,0.145287072,0,0
spectra508,3444,0.14475191,0,0
spectra509,3450,0.144623854,0,0
spectra510,3456,0.144685525,0,0
spectra511,3462,0.144601388,0,0
spectra512,3468,0.145583506,0,0
spectra513,3474,0.144514829,0,0
spectra514,3480,0.143979125,0,0
spectra515,3486,0.144082842,0,0
spectra516,3492,0.143935829,0,0
spectra517,3498,0.144689794,0,0
spectra518,3504,0.144122444,0,0
spectra519,3510,0.143329745,0,0
spectra520,3516,0.14331526,0,0
spectra521,3522,0.143021253,0,0
spectra522,3528,0.143491835,0,0
spectra523,3534,0.142545431,0,0
spectra524,3540,0.142879064,0,0
spectra525,3546,0.141180622,0,0
spectra526,3552,0.141564837,0,0
spectra527,3558,0.141643325,0,0
spectra528,3564,0.140712409,0,0
spectra529,3570,0.141599466,0,0
spectra530,3576,0.142408171,0,0
spectra531,3582,0.141650441,0,0
spectra532,3588,0.143918594,0,0
spectra533,3594,0.143158489,0,0
spectra534,3600,0.144499116,0,0
spectra535,3606,0.142535296,0,0
spectra536,3612,0.139322903,0,0
spectra537,3618,0.141426357,0,0
spectra538,3624,0.143561883,0,0
spectra539,3630,0.143355967,0,0
spectra540,3636,0.14147992,0,0
spectra541,3642,0.140812274,0,0
spectra542,3648,0.136381763,0,0
spectra543,3654,0.139203017,0,0
spectra544,3660,0.140185535,0,0
spectra545,3666,0.140355447,0,0
spectra546,3672,0.14079032,0,0
spectra547,3678,0.13847808,0,0
spectra548,3684,0.140215182,0,0
spectra549,3690,0.140732455,0,0
spectra550,3696,0.142121905,0,0
spectra551,3702,0.142046881,0,0
spectra552,3708,0.14149655,0,0
spectra553,3714,0.138819008,0,0
spectra554,3720,0.141507259,0,0
spectra555,3726,0.144311724,0,0
spectra556,3732,0.14082606,0,0
spectra557,3738,0.139032498,0,0
spectra558,3744,0.140463028,0,0
spectra559,3750,0.135747105,0,0
spectra560,3756,0.137740758,0,0
spectra561,3762,0.137509822,0,0
spectra562,3768,0.137185276,0,0
spectra563,3774,0.138887855,0,0
spectra564,3780,0.138075678,0,0
spectra565,3786,0.138528723,0,0
spectra566,3792,0.139109014,0,0
spectra567,3798,0.137368662,0,0
spectra568,3804,0.13745574,0,0
spectra569,3810,0.138234356,0,0
spectra570,3816,0.138143354,0,0
spectra571,3822,0.137488247,0,0
spectra572,3828,0.137923773,0,0
spectra573,3834,0.136663796,0,0
spectra574,3840,0.136403857,0,0
spectra575,3846,0.137728345,0,0
spectra576,3852,0.140388983,0,0
spectra577,3858,0.137932185,0,0
spectra578,3864,0.137636906,0,0
spectra579,3870,0.137984163,0,0
spectra580,3876,0.137281573,0,0
spectra581,3882,0.137143961,0,0
spectra582,3888,0.137842164,0,0
spectra583,3894,0.137436058,0,0
spectra584,3900,0.136910261,0,0
spectra585,3906,0.137990366,0,0
spectra586,3912,0.138027434,0,0
spectra587,3918,0.137660063,0,0
spectra588,3924,0.136816474,0,0
spectra589,3930,0.136924789,0,0
spectra590,3936,0.137564399,0,0
spectra591,3942,0.137278866,0,0
spectra592,3948,0.136878235,0,0
spectra593,3954,0.136985265,0,0
spectra594,3960,0.137332436,0,0
spectra595,3966,0.138001213,0,0
spectra596,3972,0.137516566,0,0
spectra597,3978,0.137603391,0,0
spectra598,3984,0.138312254,0,0
spectra599,3990,0.137774614,0,0
spectra600,3996,0.138514075,0,NA
